id,date,hour,level,volume,area,ID_SWOT
2310024073,2018-01-01,00:00:00,382.018,266086000.0,12012644.92795027,2310024073
2310024073,2018-01-02,00:00:00,382.069,266698000.0,12029448.414285652,2310024073
2310024073,2018-01-03,00:00:00,382.105,267132000.0,12041309.698757676,2310024073
2310024073,2018-01-04,00:00:00,382.158,267770000.0,12058772.145341488,2310024073
2310024073,2018-01-05,00:00:00,382.195,268217000.0,12070962.909937726,2310024073
2310024073,2018-01-06,00:00:00,382.23800000000006,268737000.0,12085130.555279331,2310024073
2310024073,2018-01-07,00:00:00,382.32,269729000.00000006,12112147.925465586,2310024073
2310024073,2018-01-08,00:00:00,382.42,270942000.0,12145095.937887881,2310024073
2310024073,2018-01-09,00:00:00,382.479,271659000.0,12164535.265217021,2310024073
2310024073,2018-01-10,00:00:00,382.53,272279000.0,12180764.229813306,2310024073
2310024073,2018-01-11,00:00:00,382.589,272998000.0,12199073.664388942,2310024073
2310024073,2018-01-12,00:00:00,382.648,273719000.0,12217383.098964578,2310024073
2310024073,2018-01-13,00:00:00,382.701,274367000.0,12233830.557142682,2310024073
2310024073,2018-01-14,00:00:00,382.749,274950000.0,12248726.368322855,2310024073
2310024073,2018-01-15,00:00:00,382.811,275714000.0,12267966.79109723,2310024073
2310024073,2018-01-16,00:00:00,382.872,276463000.0,12286896.884472042,2310024073
2310024073,2018-01-17,00:00:00,382.921,277067000.0,12302103.025051795,2310024073
2310024073,2018-01-18,00:00:00,382.971,277681000.0,12317619.495031144,2310024073
2310024073,2018-01-19,00:00:00,383.011,278175000.0,12330172.316071546,2310024073
2310024073,2018-01-20,00:00:00,383.059,278766000.0,12345677.48750009,2310024073
2310024073,2018-01-21,00:00:00,383.088,279124000.0,12355045.195238167,2310024073
2310024073,2018-01-22,00:00:00,383.125,279583000.0,12366997.098214328,2310024073
2310024073,2018-01-23,00:00:00,383.17,280137000.0,12381533.196428593,2310024073
2310024073,2018-01-24,00:00:00,383.219,280747000.0,12397361.39226189,2310024073
2310024073,2018-01-25,00:00:00,383.25,281132000.0,12407375.148809493,2310024073
2310024073,2018-01-26,00:00:00,383.301,281764000.0,12423849.393452317,2310024073
2310024073,2018-01-27,00:00:00,383.34,282254000.0,12436447.345238002,2310024073
2310024073,2018-01-28,00:00:00,383.388,282848000.0,12451952.516666546,2310024073
2310024073,2018-01-29,00:00:00,383.431,283386000.0,12465842.566071285,2310024073
2310024073,2018-01-30,00:00:00,383.474,283919000.0000001,12479732.615476023,2310024073
2310024073,2018-01-31,00:00:00,383.505,284306000.0,12489761.048610933,2310024073
2310024073,2018-02-01,00:00:00,383.544,284788000.0,12502473.477777619,2310024073
2310024073,2018-02-02,00:00:00,383.577,285208000.0,12513230.148610977,2310024073
2310024073,2018-02-03,00:00:00,383.625,285811000.0,12528876.215277672,2310024073
2310024073,2018-02-04,00:00:00,383.665,286307000.0,12541914.604166592,2310024073
2310024073,2018-02-05,00:00:00,383.714,286924000.0000001,12557886.630555501,2310024073
2310024073,2018-02-06,00:00:00,383.745,287314000.0,12567991.38194441,2310024073
2310024073,2018-02-07,00:00:00,383.8,288003000.0,12585919.166666666,2310024073
2310024073,2018-02-08,00:00:00,383.835,288443000.0,12597327.756944453,2310024073
2310024073,2018-02-09,00:00:00,383.8730000000001,288930000.0,12609714.226388961,2310024073
2310024073,2018-02-10,00:00:00,383.909,289377000.0,12621448.776388945,2310024073
2310024073,2018-02-11,00:00:00,383.945,289833000.0,12633183.326388966,2310024073
2310024073,2018-02-12,00:00:00,383.986,290357000.0,12646547.675000101,2310024073
2310024073,2018-02-13,00:00:00,384.026,290859000.0000001,12659452.30833341,2310024073
2310024073,2018-02-14,00:00:00,384.066,291369000.0,12672284.919444447,2310024073
2310024073,2018-02-15,00:00:00,384.11,291924000.0000001,12686400.791666614,2310024073
2310024073,2018-02-16,00:00:00,384.143,292346000.0,12696987.695833217,2310024073
2310024073,2018-02-17,00:00:00,384.18,292809000.0,12708857.86111095,2310024073
2310024073,2018-02-18,00:00:00,384.212,293219000.0,12719123.949999783,2310024073
2310024073,2018-02-19,00:00:00,384.241,293587000.0,12728427.593055293,2310024073
2310024073,2018-02-20,00:00:00,384.284,294129000.0,12742222.649999674,2310024073
2310024073,2018-02-21,00:00:00,384.311,294482000.0,12750884.662499627,2310024073
2310024073,2018-02-22,00:00:00,384.34,294852000.00000006,12760188.305555137,2310024073
2310024073,2018-02-23,00:00:00,384.369,295219000.0,12769491.948610665,2310024073
2310024073,2018-02-24,00:00:00,384.4,295614000.0000001,12779437.222221714,2310024073
2310024073,2018-02-25,00:00:00,384.431,296010000.0,12789382.495832779,2310024073
2310024073,2018-02-26,00:00:00,384.468,296484000.0000001,12801252.661110511,2310024073
2310024073,2018-02-27,00:00:00,384.501,296903000.0,12811842.459974086,2310024073
2310024073,2018-02-28,00:00:00,384.546,297487000.0,12826409.408837778,2310024073
2310024073,2018-03-01,00:00:00,384.605,298233000.0,12845508.297347954,2310024073
2310024073,2018-03-02,00:00:00,384.76,300234000.0000001,12895683.34343398,2310024073
2310024073,2018-03-03,00:00:00,385.361,308041000.0,13089826.112943185,2310024073
2310024073,2018-03-04,00:00:00,385.981,316218000.0,13289834.63895505,2310024073
2310024073,2018-03-05,00:00:00,386.22,319403000.0,13365295.186821569,2310024073
2310024073,2018-03-06,00:00:00,386.638,325017000.0,13496922.133247346,2310024073
2310024073,2018-03-07,00:00:00,386.921,328850000.0,13585897.434809828,2310024073
2310024073,2018-03-08,00:00:00,387.19,332518000.00000006,13672512.662236847,2310024073
2310024073,2018-03-09,00:00:00,387.545,337394000.0,13788324.811912175,2310024073
2310024073,2018-03-10,00:00:00,387.839,341463000.0,13886436.659995032,2310024073
2310024073,2018-03-11,00:00:00,388.042,344289000.0,13953592.002971245,2310024073
2310024073,2018-03-12,00:00:00,388.404,349360000.0,14069323.628522594,2310024073
2310024073,2018-03-13,00:00:00,388.72,353823000.0000001,14172005.837468855,2310024073
2310024073,2018-03-14,00:00:00,389.005,357875000.0,14265273.876466166,2310024073
2310024073,2018-03-15,00:00:00,389.24,361236000.0,14342504.024926849,2310024073
2310024073,2018-03-16,00:00:00,389.578,366101000.0,14453401.409048228,2310024073
2310024073,2018-03-17,00:00:00,389.891,370640000.0,14555532.756965252,2310024073
2310024073,2018-03-18,00:00:00,390.608,381158000.0,14787276.591992764,2310024073
2310024073,2018-03-19,00:00:00,391.728,397922000.0,15145488.780624926,2310024073
2310024073,2018-03-20,00:00:00,392.699,412785000.0,15466399.582887365,2310024073
2310024073,2018-03-21,00:00:00,393.25,421356000.0,15649340.336133778,2310024073
2310024073,2018-03-22,00:00:00,393.56,426221000.0,15745375.462184813,2310024073
2310024073,2018-03-23,00:00:00,393.811,430183000.0000001,15824935.431373259,2310024073
2310024073,2018-03-24,00:00:00,394.049,433959000.0,15901322.509805089,2310024073
2310024073,2018-03-25,00:00:00,394.429,440026000.0,16029121.725490373,2310024073
2310024073,2018-03-26,00:00:00,394.71,444543000.0,16119614.545454489,2310024073
2310024073,2018-03-27,00:00:00,394.949,448405000.0,16195428.242424142,2310024073
2310024073,2018-03-28,00:00:00,395.124,451246000.0,16252256.71757559,2310024073
2310024073,2018-03-29,00:00:00,395.289,453931000.0,16306348.317575498,2310024073
2310024073,2018-03-30,00:00:00,395.4380000000001,456364000.0,16355194.671514858,2310024073
2310024073,2018-03-31,00:00:00,395.608,459150000.0,16412534.00167808,2310024073
2310024073,2018-04-01,00:00:00,395.754,461549000.0,16462571.448391523,2310024073
2310024073,2018-04-02,00:00:00,395.891,463807000.0,16509524.394965094,2310024073
2310024073,2018-04-03,00:00:00,396.038,466237000.0,16558698.18940187,2310024073
2310024073,2018-04-04,00:00:00,396.15,468093000.0,16593527.449883578,2310024073
2310024073,2018-04-05,00:00:00,396.26,469920000.0,16627734.759285271,2310024073
2310024073,2018-04-06,00:00:00,396.378,471883000.0,16664429.87300708,2310024073
2310024073,2018-04-07,00:00:00,396.478,473552000.0,16695527.42700862,2310024073
2310024073,2018-04-08,00:00:00,396.591,475440000.0,16729755.751111155,2310024073
2310024073,2018-04-09,00:00:00,396.709,477417000.0,16765268.385641037,2310024073
2310024073,2018-04-10,00:00:00,396.821,479298000.0,16798975.29299144,2310024073
2310024073,2018-04-11,00:00:00,397.008,482446000.0,16855688.21134414,2310024073
2310024073,2018-04-12,00:00:00,397.284,487114000.0,16953739.195027355,2310024073
2310024073,2018-04-13,00:00:00,397.548,491602000.0,17047160.600288894,2310024073
2310024073,2018-04-14,00:00:00,397.849,496747000.0,17151794.802308787,2310024073
2310024073,2018-04-15,00:00:00,398.039,500009000.0,17215489.350649197,2310024073
2310024073,2018-04-16,00:00:00,398.198,502749000.0,17261165.714285597,2310024073
2310024073,2018-04-17,00:00:00,398.349,505358000.0,17304543.89610382,2310024073
2310024073,2018-04-18,00:00:00,398.489,507784000.0,17344762.077922035,2310024073
2310024073,2018-04-19,00:00:00,398.61800000000005,510024000.0,17386125.03896111,2310024073
2310024073,2018-04-20,00:00:00,398.734,512044000.0,17423680.492185913,2310024073
2310024073,2018-04-21,00:00:00,398.841,513911999.9999998,17458322.160246752,2310024073
2310024073,2018-04-22,00:00:00,398.955,515903000.0,17495230.10565735,2310024073
2310024073,2018-04-23,00:00:00,399.07,517918000.0,17533237.1670705,2310024073
2310024073,2018-04-24,00:00:00,399.175,519763000.00000006,17568394.370460264,2310024073
2310024073,2018-04-25,00:00:00,399.309,522119000.0,17613261.658595767,2310024073
2310024073,2018-04-26,00:00:00,399.419,524057000.0,17650093.01452788,2310024073
2310024073,2018-04-27,00:00:00,399.57,526727000.0,17700084.421307437,2310024073
2310024073,2018-04-28,00:00:00,399.709,529191000.00000006,17745497.976271026,2310024073
2310024073,2018-04-29,00:00:00,399.81,530984000.00000006,17778496.31476975,2310024073
2310024073,2018-04-30,00:00:00,399.915,532853000.0000002,17812801.518159512,2310024073
2310024073,2018-05-01,00:00:00,400.019,534707000.0,17846914.126004484,2310024073
2310024073,2018-05-02,00:00:00,400.105,536243000.00000006,17875618.793704245,2310024073
2310024073,2018-05-03,00:00:00,400.184,537656000.0,17901987.03496333,2310024073
2310024073,2018-05-04,00:00:00,400.278,539341000.0,17933361.904309575,2310024073
2310024073,2018-05-05,00:00:00,400.358,540776000.0,17960063.92077446,2310024073
2310024073,2018-05-06,00:00:00,400.45,542429000.0,17990771.239709083,2310024073
2310024073,2018-05-07,00:00:00,400.559,544391999.9999999,18025948.577142514,2310024073
2310024073,2018-05-08,00:00:00,400.651,546050999.9999998,18054778.22285681,2310024073
2310024073,2018-05-09,00:00:00,400.735,547568000.0,18081100.942856822,2310024073
2310024073,2018-05-10,00:00:00,400.861,549849000.0,18120585.02285683,2310024073
2310024073,2018-05-11,00:00:00,400.944,551354000.0,18146594.377142563,2310024073
2310024073,2018-05-12,00:00:00,401.031,552934000.0,18173953.1466664,2310024073
2310024073,2018-05-13,00:00:00,401.07,553643000.0,18186295.123809278,2310024073
2310024073,2018-05-14,00:00:00,401.132,554780000.0,18205915.702856943,2310024073
2310024073,2018-05-15,00:00:00,401.208,556156000.0,18229966.735237952,2310024073
2310024073,2018-05-16,00:00:00,401.255,557013000.0,18244840.399999876,2310024073
2310024073,2018-05-17,00:00:00,401.318,558163000.0,18264777.439999916,2310024073
2310024073,2018-05-18,00:00:00,401.37,559108000.0000001,18281233.409523766,2310024073
2310024073,2018-05-19,00:00:00,401.431,560230000.0,18300537.527619038,2310024073
2310024073,2018-05-20,00:00:00,401.494,561383000.0,18320474.567619093,2310024073
2310024073,2018-05-21,00:00:00,401.6,563328000.0,18354938.66666673,2310024073
2310024073,2018-05-22,00:00:00,401.714,565423000.0,18392063.14666674,2310024073
2310024073,2018-05-23,00:00:00,401.8080000000001,567154000.0,18422674.56000012,2310024073
2310024073,2018-05-24,00:00:00,401.879,568463000.0000002,18445795.946666773,2310024073
2310024073,2018-05-25,00:00:00,401.978,570290999.9999999,18478035.626666784,2310024073
2310024073,2018-05-26,00:00:00,402.075,572085000.0,18510050.000000216,2310024073
2310024073,2018-05-27,00:00:00,402.179,574012000.0,18544508.666667018,2310024073
2310024073,2018-05-28,00:00:00,402.261,575534000.0,18571678.00000048,2310024073
2310024073,2018-05-29,00:00:00,402.358,577337000.0,18603817.33333394,2310024073
2310024073,2018-05-30,00:00:00,402.424,578566000.0,18625685.333334018,2310024073
2310024073,2018-05-31,00:00:00,402.501,580001000.0,18651205.18333412,2310024073
2310024073,2018-06-01,00:00:00,402.5580000000001,581064000.0,18670500.633334044,2310024073
2310024073,2018-06-02,00:00:00,402.611,582054000.0,18688442.01666723,2310024073
2310024073,2018-06-03,00:00:00,402.669,583138000.0,18708075.983333774,2310024073
2310024073,2018-06-04,00:00:00,402.719,584074000.0000002,18725001.816667005,2310024073
2310024073,2018-06-05,00:00:00,402.75,584655000.0,18735495.83333361,2310024073
2310024073,2018-06-06,00:00:00,402.781,585235000.0,18745989.850000218,2310024073
2310024073,2018-06-07,00:00:00,402.815,585873000.0,18757499.41666681,2310024073
2310024073,2018-06-08,00:00:00,402.86,586717000.0,18772732.666666724,2310024073
2310024073,2018-06-09,00:00:00,402.891,587299000.0,18783226.683333326,2310024073
2310024073,2018-06-10,00:00:00,402.93,588031000.0,18796428.833333243,2310024073
2310024073,2018-06-11,00:00:00,402.969,588764000.0,18809630.983333156,2310024073
2310024073,2018-06-12,00:00:00,403.001,589366000.0,18820411.01666642,2310024073
2310024073,2018-06-13,00:00:00,403.038,590062000.0,18830993.63333304,2310024073
2310024073,2018-06-14,00:00:00,403.068,590627000.0,18839574.133332983,2310024073
2310024073,2018-06-15,00:00:00,403.081,590872000.0,18843292.349999636,2310024073
2310024073,2018-06-16,00:00:00,403.099,591211000.0,18848440.6499996,2310024073
2310024073,2018-06-17,00:00:00,403.109,591400000.0,18851300.81666625,2310024073
2310024073,2018-06-18,00:00:00,403.111,591437000.0,18851872.84999958,2310024073
2310024073,2018-06-19,00:00:00,403.115,591513000.0,18853016.916666247,2310024073
2310024073,2018-06-20,00:00:00,403.121,591626000.0,18854733.01666623,2310024073
2310024073,2018-06-21,00:00:00,403.128,591758000.0,18856735.133332886,2310024073
2310024073,2018-06-22,00:00:00,403.13,591795999.9999999,18857307.16666622,2310024073
2310024073,2018-06-23,00:00:00,403.081,590872000.0,18843292.349999636,2310024073
2310024073,2018-06-24,00:00:00,403.038,590062000.0,18830993.63333304,2310024073
2310024073,2018-06-25,00:00:00,402.991,589178000.0,18817078.349999774,2310024073
2310024073,2018-06-26,00:00:00,402.955,588508000.0,18804891.74999985,2310024073
2310024073,2018-06-27,00:00:00,402.908,587618000.0,18788981.466666624,2310024073
2310024073,2018-06-28,00:00:00,402.861,586735000.0,18773071.18333338,2310024073
2310024073,2018-06-29,00:00:00,402.807,585730000.0,18754791.2833335,2310024073
2310024073,2018-06-30,00:00:00,402.771,585048000.0,18742604.683333572,2310024073
2310024073,2018-07-01,00:00:00,402.72,584093000.0000002,18725340.333333682,2310024073
2310024073,2018-07-02,00:00:00,402.671,583172000.0,18708753.016667105,2310024073
2310024073,2018-07-03,00:00:00,402.63,582408000.0,18694873.833333857,2310024073
2310024073,2018-07-04,00:00:00,402.581,581494000.0,18678286.5166673,2310024073
2310024073,2018-07-05,00:00:00,402.531,580560000.0,18661360.683334067,2310024073
2310024073,2018-07-06,00:00:00,402.481,579622000.0,18644571.3333341,2310024073
2310024073,2018-07-07,00:00:00,402.402,578156000.0,18618396.00000066,2310024073
2310024073,2018-07-08,00:00:00,402.322,576666999.9999998,18591889.333333887,2310024073
2310024073,2018-07-09,00:00:00,402.237,575096000.0,18563726.000000447,2310024073
2310024073,2018-07-10,00:00:00,402.187,574151000.0,18547159.33333371,2310024073
2310024073,2018-07-11,00:00:00,402.1,572550000.0,18518333.333333597,2310024073
2310024073,2018-07-12,00:00:00,402.02,571067000.0,18491826.666666806,2310024073
2310024073,2018-07-13,00:00:00,401.935,569496000.0,18464032.533333443,2310024073
2310024073,2018-07-14,00:00:00,401.854,568007000.0,18437654.613333423,2310024073
2310024073,2018-07-15,00:00:00,401.763,566332000.0,18408020.160000075,2310024073
2310024073,2018-07-16,00:00:00,401.675,564708000.0000002,18379362.66666674,2310024073
2310024073,2018-07-17,00:00:00,401.6,563328000.0,18354938.66666673,2310024073
2310024073,2018-07-18,00:00:00,401.524,561939000.0,18330189.013333376,2310024073
2310024073,2018-07-19,00:00:00,401.45,560578000.0,18306550.285714287,2310024073
2310024073,2018-07-20,00:00:00,401.367,559050000.0,18280284.026666626,2310024073
2310024073,2018-07-21,00:00:00,401.267,557236000.0,18248637.931428455,2310024073
2310024073,2018-07-22,00:00:00,401.18,555646000.0,18221105.82857126,2310024073
2310024073,2018-07-23,00:00:00,401.08,553823000.0,18189459.733333092,2310024073
2310024073,2018-07-24,00:00:00,400.994,552265000.0,18162262.662856862,2310024073
2310024073,2018-07-25,00:00:00,400.914,550804000.0,18137193.40571398,2310024073
2310024073,2018-07-26,00:00:00,400.822,549139000.0,18108363.75999969,2310024073
2310024073,2018-07-27,00:00:00,400.733,547540000.0,18080474.211428247,2310024073
2310024073,2018-07-28,00:00:00,400.644,545920000.0,18052584.662856806,2310024073
2310024073,2018-07-29,00:00:00,400.5580000000001,544378000.0,18025635.211428255,2310024073
2310024073,2018-07-30,00:00:00,400.471,542811000.0,17997780.51903112,2310024073
2310024073,2018-07-31,00:00:00,400.382,541204000.0000001,17968074.525713928,2310024073
2310024073,2018-08-01,00:00:00,400.294,539631000.0,17938702.30760254,2310024073
2310024073,2018-08-02,00:00:00,400.209,538102000.0,17910331.415108602,2310024073
2310024073,2018-08-03,00:00:00,400.114,536398000.0,17878622.77055653,2310024073
2310024073,2018-08-04,00:00:00,400.018,534684000.0,17846580.350798663,2310024073
2310024073,2018-08-05,00:00:00,399.93,533120000.0,17817702.261500902,2310024073
2310024073,2018-08-06,00:00:00,399.838,531481000.0,17787644.36900702,2310024073
2310024073,2018-08-07,00:00:00,399.74300000000005,529794000.0,17756606.32784487,2310024073
2310024073,2018-08-08,00:00:00,399.65,528144000.0,17726221.719128203,2310024073
2310024073,2018-08-09,00:00:00,399.55,526371000.0,17693550.096852254,2310024073
2310024073,2018-08-10,00:00:00,399.452,524635000.0,17661142.421307523,2310024073
2310024073,2018-08-11,00:00:00,399.358,522982000.0,17629668.35351098,2310024073
2310024073,2018-08-12,00:00:00,399.268,521391000.0,17599533.607748322,2310024073
2310024073,2018-08-13,00:00:00,399.174,519746000.0,17568059.53995178,2310024073
2310024073,2018-08-14,00:00:00,399.084,518155000.0,17537924.79418914,2310024073
2310024073,2018-08-15,00:00:00,398.991,516531999.9999998,17506885.246313334,2310024073
2310024073,2018-08-16,00:00:00,398.894,514829000.0000002,17475481.117323615,2310024073
2310024073,2018-08-17,00:00:00,398.8080000000001,513336000.0,17447638.281312138,2310024073
2310024073,2018-08-18,00:00:00,398.742,512183000.0,17426270.523442812,2310024073
2310024073,2018-08-19,00:00:00,398.659,510731000.0,17399398.949152626,2310024073
2310024073,2018-08-20,00:00:00,398.577,509310000.0,17372851.128769558,2310024073
2310024073,2018-08-21,00:00:00,398.482,507662000.0,17342751.16883114,2310024073
2310024073,2018-08-22,00:00:00,398.393,506112000.0,17317183.89610383,2310024073
2310024073,2018-08-23,00:00:00,398.293,504398000.0,17288456.62337654,2310024073
2310024073,2018-08-24,00:00:00,398.203,502833000.0,17262602.07792196,2310024073
2310024073,2018-08-25,00:00:00,398.111,501249000.0,17236172.987012852,2310024073
2310024073,2018-08-26,00:00:00,398.02,499677000.0,17210031.168831006,2310024073
2310024073,2018-08-27,00:00:00,397.924,498039000.0,17177866.447330356,2310024073
2310024073,2018-08-28,00:00:00,397.822,496293000.0,17142409.010101028,2310024073
2310024073,2018-08-29,00:00:00,397.721,494555000.0,17107299.194805313,2310024073
2310024073,2018-08-30,00:00:00,397.621,492847000.0,17072537.001443215,2310024073
2310024073,2018-08-31,00:00:00,397.524,491200000.0,17038817.67388199,2310024073
2310024073,2018-09-01,00:00:00,397.432,489622000.0,17006317.25874155,2310024073
2310024073,2018-09-02,00:00:00,397.34,488064000.0,16973633.5975138,2310024073
2310024073,2018-09-03,00:00:00,397.239,486343000.0,16937752.62160074,2310024073
2310024073,2018-09-04,00:00:00,397.138,484642000.0,16901871.64568768,2310024073
2310024073,2018-09-05,00:00:00,397.038,482948000.0,16866345.92696189,2310024073
2310024073,2018-09-06,00:00:00,396.965,481725000.0,16842312.74529908,2310024073
2310024073,2018-09-07,00:00:00,396.89,480453000.0,16819741.155555513,2310024073
2310024073,2018-09-08,00:00:00,396.818,479244000.0,16798072.429401685,2310024073
2310024073,2018-09-09,00:00:00,396.757,478222000.0,16779714.20307692,2310024073
2310024073,2018-09-10,00:00:00,396.77,478444000.0,16783626.6119658,2310024073
2310024073,2018-09-11,00:00:00,396.763,478323000.0,16781519.9302564,2310024073
2310024073,2018-09-12,00:00:00,396.742,477971000.0,16775199.885128211,2310024073
2310024073,2018-09-13,00:00:00,396.716,477533000.0,16767375.067350438,2310024073
2310024073,2018-09-14,00:00:00,396.685,477007000.0,16758045.476923093,2310024073
2310024073,2018-09-15,00:00:00,396.68,476940000.0,16756540.704273524,2310024073
2310024073,2018-09-16,00:00:00,396.675,476850000.0,16755035.931623954,2310024073
2310024073,2018-09-17,00:00:00,396.669,476744000.0,16753230.20444446,2310024073
2310024073,2018-09-18,00:00:00,396.652,476465000.0,16748113.977435919,2310024073
2310024073,2018-09-19,00:00:00,396.643,476313000.0000001,16745405.386666685,2310024073
2310024073,2018-09-20,00:00:00,396.641,476275000.0,16744803.477606872,2310024073
2310024073,2018-09-21,00:00:00,396.676,476868000.00000006,16755336.886153862,2310024073
2310024073,2018-09-22,00:00:00,396.679,476914000.0,16756239.7497436,2310024073
2310024073,2018-09-23,00:00:00,396.654,476497000.0,16748715.88649575,2310024073
2310024073,2018-09-24,00:00:00,396.631,476110000.0,16741793.932307715,2310024073
2310024073,2018-09-25,00:00:00,396.607,475710000.0,16734571.02358979,2310024073
2310024073,2018-09-26,00:00:00,396.575,475175000.0,16724940.47863252,2310024073
2310024073,2018-09-27,00:00:00,396.556,474855000.0,16719222.342564149,2310024073
2310024073,2018-09-28,00:00:00,396.538,474556000.0,16713805.161025701,2310024073
2310024073,2018-09-29,00:00:00,396.508,474060000.0,16704776.525128264,2310024073
2310024073,2018-09-30,00:00:00,396.477,473537000.0,16695216.451468594,2310024073
2310024073,2018-10-01,00:00:00,396.444,472990000.0,16684954.258648101,2310024073
2310024073,2018-10-02,00:00:00,396.418,472553000.00000006,16676868.894607699,2310024073
2310024073,2018-10-03,00:00:00,396.404,472317000.0,16672515.237047482,2310024073
2310024073,2018-10-04,00:00:00,396.385,472003000.0,16666606.701787189,2310024073
2310024073,2018-10-05,00:00:00,396.378,471884000.0,16664429.87300708,2310024073
2310024073,2018-10-06,00:00:00,396.35,471418000.0,16655722.557886662,2310024073
2310024073,2018-10-07,00:00:00,396.34,471251000.0,16652612.802486492,2310024073
2310024073,2018-10-08,00:00:00,396.318,470884000.0,16645771.340606159,2310024073
2310024073,2018-10-09,00:00:00,396.294,470487000.0,16638307.92764579,2310024073
2310024073,2018-10-10,00:00:00,396.275,470165000.0,16632399.392385496,2310024073
2310024073,2018-10-11,00:00:00,396.271,470101000.0,16631155.490225447,2310024073
2310024073,2018-10-12,00:00:00,396.261,469936000.0,16628045.734825296,2310024073
2310024073,2018-10-13,00:00:00,396.259,469905000.0,16627423.783745263,2310024073
2310024073,2018-10-14,00:00:00,396.24,469588000.0,16621515.24848497,2310024073
2310024073,2018-10-15,00:00:00,396.239,469574000.0,16621204.272944944,2310024073
2310024073,2018-10-16,00:00:00,396.275,470169000.0,16632399.392385496,2310024073
2310024073,2018-10-17,00:00:00,396.321,470935000.0,16646704.267226217,2310024073
2310024073,2018-10-18,00:00:00,396.354,471484000.0,16656966.46004671,2310024073
2310024073,2018-10-19,00:00:00,396.429,472730000.0,16680289.625547858,2310024073
2310024073,2018-10-20,00:00:00,396.495,473836000.0,16700814.01118888,2310024073
2310024073,2018-10-21,00:00:00,396.5630000000001,474972000.0,16721329.024273584,2310024073
2310024073,2018-10-22,00:00:00,396.64,476261000.0,16744502.523076948,2310024073
2310024073,2018-10-23,00:00:00,396.699,477249000.0,16762258.840341896,2310024073
2310024073,2018-10-24,00:00:00,396.7480000000001,478071000.0,16777005.612307724,2310024073
2310024073,2018-10-25,00:00:00,396.788,478743000.00000006,16789043.793504264,2310024073
2310024073,2018-10-26,00:00:00,396.821,479298000.0,16798975.29299144,2310024073
2310024073,2018-10-27,00:00:00,396.858,479919000.0,16810110.610598262,2310024073
2310024073,2018-10-28,00:00:00,396.89,480460000.0,16819741.155555513,2310024073
2310024073,2018-10-29,00:00:00,396.925,481039000.0,16830274.56410252,2310024073
2310024073,2018-10-30,00:00:00,396.969,481783000.0,16843516.563418742,2310024073
2310024073,2018-10-31,00:00:00,397.019,482632000.0,16859596.04040399,2310024073
2310024073,2018-11-01,00:00:00,397.093,483889000.0,16885885.072261088,2310024073
2310024073,2018-11-02,00:00:00,397.17,485181000.0,16913239.87567995,2310024073
2310024073,2018-11-03,00:00:00,397.22,486036000.0,16931002.735042855,2310024073
2310024073,2018-11-04,00:00:00,397.26,486699000.0,16945213.022533163,2310024073
2310024073,2018-11-05,00:00:00,397.296,487315000.0,16958002.281274453,2310024073
2310024073,2018-11-06,00:00:00,397.351,488249000.0,16977541.426573645,2310024073
2310024073,2018-11-07,00:00:00,397.416,489348000.0,17000633.143745415,2310024073
2310024073,2018-11-08,00:00:00,397.46,490110000.0,17016264.45998476,2310024073
2310024073,2018-11-09,00:00:00,397.5,490775000.0,17030474.747475088,2310024073
2310024073,2018-11-10,00:00:00,397.544,491534000.0,17045770.1125544,2310024073
2310024073,2018-11-11,00:00:00,397.582,492188000.0000001,17058979.746032003,2310024073
2310024073,2018-11-12,00:00:00,397.62,492828000.0,17072189.3795096,2310024073
2310024073,2018-11-13,00:00:00,397.662,493538000.0,17086789.50072167,2310024073
2310024073,2018-11-14,00:00:00,397.696,494131000.0,17098608.6464648,2310024073
2310024073,2018-11-15,00:00:00,397.735,494789000.0,17112165.90187601,2310024073
2310024073,2018-11-16,00:00:00,397.769,495375000.0,17123985.04761912,2310024073
2310024073,2018-11-17,00:00:00,397.80300000000005,495954000.0,17135804.193362247,2310024073
2310024073,2018-11-18,00:00:00,397.839,496572000.0,17148318.582972582,2310024073
2310024073,2018-11-19,00:00:00,397.898,497578000.0,17168828.277056225,2310024073
2310024073,2018-11-20,00:00:00,398.031,499877000.0,17213191.168831017,2310024073
2310024073,2018-11-21,00:00:00,398.182,502468000.0,17256569.35064924,2310024073
2310024073,2018-11-22,00:00:00,398.276,504101000.0,17283572.9870129,2310024073
2310024073,2018-11-23,00:00:00,398.36300000000006,505601000.0,17308565.714285664,2310024073
2310024073,2018-11-24,00:00:00,398.432,506797000.0,17328387.53246749,2310024073
2310024073,2018-11-25,00:00:00,398.497,507928000.00000006,17347060.25974023,2310024073
2310024073,2018-11-26,00:00:00,398.539,508646000.0,17360548.480299354,2310024073
2310024073,2018-11-27,00:00:00,398.662,510791000.0,17400370.21087395,2310024073
2310024073,2018-11-28,00:00:00,398.736,512080000.00000006,17424328.000000138,2310024073
2310024073,2018-11-29,00:00:00,398.788,512992000.0,17441163.203169893,2310024073
2310024073,2018-11-30,00:00:00,398.84,513891999.9999998,17457998.406339634,2310024073
2310024073,2018-12-01,00:00:00,398.907,515067000.0,17479689.918116044,2310024073
2310024073,2018-12-02,00:00:00,398.957,515945000.00000006,17495877.613471575,2310024073
2310024073,2018-12-03,00:00:00,399.014,516943000.0,17514486.658595968,2310024073
2310024073,2018-12-04,00:00:00,399.061,517766000.0,17530223.692494232,2310024073
2310024073,2018-12-05,00:00:00,399.11800000000005,518760000.0,17549309.031477265,2310024073
2310024073,2018-12-06,00:00:00,399.166,519596000.0,17565380.895883992,2310024073
2310024073,2018-12-07,00:00:00,399.22,520556000.00000006,17583461.743341595,2310024073
2310024073,2018-12-08,00:00:00,399.273,521490000.0,17601207.76029071,2310024073
2310024073,2018-12-09,00:00:00,399.321,522326000.0,17617279.624697454,2310024073
2310024073,2018-12-10,00:00:00,399.357,522959000.0000002,17629333.523002513,2310024073
2310024073,2018-12-11,00:00:00,399.402,523759000.0,17644400.895883825,2310024073
2310024073,2018-12-12,00:00:00,399.456,524712000.0,17662481.743341424,2310024073
2310024073,2018-12-13,00:00:00,399.483,525190000.00000006,17671522.167070214,2310024073
2310024073,2018-12-14,00:00:00,399.542,526228000.0000002,17690936.367070165,2310024073
2310024073,2018-12-15,00:00:00,399.603,527307000.0,17710866.05665851,2310024073
2310024073,2018-12-16,00:00:00,399.644,528031000.0,17724261.421791654,2310024073
2310024073,2018-12-17,00:00:00,399.684,528745000.0,17737330.070702046,2310024073
2310024073,2018-12-18,00:00:00,399.733,529614000.00000006,17753339.165617257,2310024073
2310024073,2018-12-19,00:00:00,399.775,530360000.0,17767061.246973153,2310024073
2310024073,2018-12-20,00:00:00,399.816,531096000.0,17780456.612106293,2310024073
2310024073,2018-12-21,00:00:00,399.869,532031999.9999998,17797772.57191257,2310024073
2310024073,2018-12-22,00:00:00,399.903,532643000.0,17808880.923486397,2310024073
2310024073,2018-12-23,00:00:00,399.942,533331000.0,17821622.856174015,2310024073
2310024073,2018-12-24,00:00:00,399.977,533951000.0,17833057.92397059,2310024073
2310024073,2018-12-25,00:00:00,400.019,534701000.0,17846914.126004484,2310024073
2310024073,2018-12-26,00:00:00,400.0580000000001,535401000.0,17859931.359031152,2310024073
2310024073,2018-12-27,00:00:00,400.097,536107000.0,17872948.592057746,2310024073
2310024073,2018-12-28,00:00:00,400.134,536755000.0,17885298.27467277,2310024073
2310024073,2018-12-29,00:00:00,400.171,537415000.0,17897647.957287773,2310024073
2310024073,2018-12-30,00:00:00,400.209,538101000.0,17910331.415108602,2310024073
2310024073,2018-12-31,00:00:00,400.279,539358000.0000001,17933695.67951538,2310024073
2310024073,2019-01-01,00:00:00,400.307,539861000.0,17943041.3852781,2310024073
2310024073,2019-01-02,00:00:00,400.325,540189000.0,17949049.33898269,2310024073
2310024073,2019-01-03,00:00:00,400.365,540906999.9999998,17962400.347215142,2310024073
2310024073,2019-01-04,00:00:00,400.399,541515000.0,17973748.704212718,2310024073
2310024073,2019-01-05,00:00:00,400.439,542233000.0000001,17987099.71244517,2310024073
2310024073,2019-01-06,00:00:00,400.465,542698000.0,17995777.867796242,2310024073
2310024073,2019-01-07,00:00:00,400.487,543099000.0,18003120.922324106,2310024073
2310024073,2019-01-08,00:00:00,400.522,543720000.0,18014354.045713928,2310024073
2310024073,2019-01-09,00:00:00,400.5580000000001,544371000.0,18025635.211428255,2310024073
2310024073,2019-01-10,00:00:00,400.573,544644000.0,18030335.697142504,2310024073
2310024073,2019-01-11,00:00:00,400.615,545401000.0,18043497.05714252,2310024073
2310024073,2019-01-12,00:00:00,400.619,545476000.0,18044750.519999668,2310024073
2310024073,2019-01-13,00:00:00,400.635,545753000.0,18049764.37142823,2310024073
2310024073,2019-01-14,00:00:00,400.668,546354000.0,18060105.439999666,2310024073
2310024073,2019-01-15,00:00:00,400.694,546829000.0000001,18068252.9485711,2310024073
2310024073,2019-01-16,00:00:00,400.892,550411000.0,18130299.359999694,2310024073
2310024073,2019-01-17,00:00:00,400.91,550737000.0,18135939.94285685,2310024073
2310024073,2019-01-18,00:00:00,400.942,551325000.0,18145967.645713992,2310024073
2310024073,2019-01-19,00:00:00,400.974,551906000.0,18155995.348571133,2310024073
2310024073,2019-01-20,00:00:00,401.019,552719000.0,18170155.61523782,2310024073
2310024073,2019-01-21,00:00:00,401.086,553932000.0,18191358.49904739,2310024073
2310024073,2019-01-22,00:00:00,401.145,555006000.0,18210029.695237894,2310024073
2310024073,2019-01-23,00:00:00,401.17800000000005,555613000.0,18220472.90666651,2310024073
2310024073,2019-01-24,00:00:00,401.231,556579000.0000001,18237245.337142717,2310024073
2310024073,2019-01-25,00:00:00,401.283,557519000.0,18253701.306666568,2310024073
2310024073,2019-01-26,00:00:00,401.324,558279000.0,18266676.205714215,2310024073
2310024073,2019-01-27,00:00:00,401.36,558927000.0,18278068.799999952,2310024073
2310024073,2019-01-28,00:00:00,401.39,559478000.0000002,18287562.62857139,2310024073
2310024073,2019-01-29,00:00:00,401.425,560122000.0,18298638.761904757,2310024073
2310024073,2019-01-30,00:00:00,401.464,560841000.0,18310980.739047635,2310024073
2310024073,2019-01-31,00:00:00,401.509,561660000.0,18325304.21333338,2310024073
2310024073,2019-02-01,00:00:00,401.582,562999000.0,18349076.90666672,2310024073
2310024073,2019-02-02,00:00:00,401.807,567128000.0,18422348.90666676,2310024073
2310024073,2019-02-03,00:00:00,401.931,569419000.0,18462729.920000102,2310024073
2310024073,2019-02-04,00:00:00,401.999,570681000.0,18484874.346666794,2310024073
2310024073,2019-02-05,00:00:00,402.055,571718000.0000002,18503423.33333353,2310024073
2310024073,2019-02-06,00:00:00,402.108,572698000.0,18520984.00000027,2310024073
2310024073,2019-02-07,00:00:00,402.159,573632000.0,18537882.00000033,2310024073
2310024073,2019-02-08,00:00:00,402.199,574374000.0,18551135.333333727,2310024073
2310024073,2019-02-09,00:00:00,402.259,575495000.0,18571015.33333381,2310024073
2310024073,2019-02-10,00:00:00,402.302,576286000.0,18585262.6666672,2310024073
2310024073,2019-02-11,00:00:00,402.346,577112000.0,18599841.33333392,2310024073
2310024073,2019-02-12,00:00:00,402.397,578053000.0,18616739.333333988,2310024073
2310024073,2019-02-13,00:00:00,402.435,578776000.0,18629330.000000708,2310024073
2310024073,2019-02-14,00:00:00,402.473,579469000.0,18641920.666667428,2310024073
2310024073,2019-02-15,00:00:00,402.508,580137000.0,18653574.800000772,2310024073
2310024073,2019-02-16,00:00:00,402.554,580982000.0,18669146.56666734,2310024073
2310024073,2019-02-17,00:00:00,402.589,581641000.0,18680994.65000061,2310024073
2310024073,2019-02-18,00:00:00,402.621,582245000.0,18691827.18333387,2310024073
2310024073,2019-02-19,00:00:00,402.674,583224000.0,18709768.566667095,2310024073
2310024073,2019-02-20,00:00:00,402.706,583826000.0,18720601.100000374,2310024073
2310024073,2019-02-21,00:00:00,402.74300000000005,584526999.9999998,18733126.216666978,2310024073
2310024073,2019-02-22,00:00:00,402.78,585220000.0,18745651.33333354,2310024073
2310024073,2019-02-23,00:00:00,402.796,585510000.0,18751067.60000018,2310024073
2310024073,2019-02-24,00:00:00,402.816,585886000.0,18757837.933333468,2310024073
2310024073,2019-02-25,00:00:00,402.844,586420999.9999999,18767316.40000008,2310024073
2310024073,2019-02-26,00:00:00,402.879,587081000.0,18779164.483333353,2310024073
2310024073,2019-02-27,00:00:00,402.908,587618000.0,18788981.466666624,2310024073
2310024073,2019-02-28,00:00:00,402.9330000000001,588091000.0,18797444.38333327,2310024073
2310024073,2019-03-01,00:00:00,402.956,588528000.0,18805230.266666524,2310024073
2310024073,2019-03-02,00:00:00,402.97,588776999.9999998,18809969.499999832,2310024073
2310024073,2019-03-03,00:00:00,402.98800000000006,589120000.0,18816062.799999807,2310024073
2310024073,2019-03-04,00:00:00,403.016,589656000.0,18824701.26666641,2310024073
2310024073,2019-03-05,00:00:00,403.048,590257000.0,18833853.799999684,2310024073
2310024073,2019-03-06,00:00:00,403.088,591002000.0,18845294.466666296,2310024073
2310024073,2019-03-07,00:00:00,403.12,591601000.0,18854446.99999957,2310024073
2310024073,2019-03-08,00:00:00,403.15,592170999.9999999,18863027.499999516,2310024073
2310024073,2019-03-09,00:00:00,403.18,592737000.0,18871607.99999948,2310024073
2310024073,2019-03-10,00:00:00,403.211,593320000.0,18880474.516666096,2310024073
2310024073,2019-03-11,00:00:00,403.234,593752000.0,18887052.899999384,2310024073
2310024073,2019-03-12,00:00:00,403.267,594378000.0,18896491.449999336,2310024073
2310024073,2019-03-13,00:00:00,403.296,594932000.0,18904785.933332622,2310024073
2310024073,2019-03-14,00:00:00,403.315,595290999.9999999,18910220.24999926,2310024073
2310024073,2019-03-15,00:00:00,403.327,595521999.9999998,18913652.449999243,2310024073
2310024073,2019-03-16,00:00:00,403.3080000000001,595154000.0,18908218.133332636,2310024073
2310024073,2019-03-17,00:00:00,403.3,595007000.0,18905929.99999929,2310024073
2310024073,2019-03-18,00:00:00,403.321,595399000.0,18911936.34999926,2310024073
2310024073,2019-03-19,00:00:00,403.342,595805000.0,18917942.699999213,2310024073
2310024073,2019-03-20,00:00:00,403.358,596104000.0,18922518.96666586,2310024073
2310024073,2019-03-21,00:00:00,403.346,595872000.0,18919086.76666588,2310024073
2310024073,2019-03-22,00:00:00,403.352,595992000.0,18920802.866665863,2310024073
2310024073,2019-03-23,00:00:00,403.331,595597000.0,18914796.516665906,2310024073
2310024073,2019-03-24,00:00:00,403.328,595531999.9999998,18913938.4666659,2310024073
2310024073,2019-03-25,00:00:00,403.35,595952000.0,18920230.833332546,2310024073
2310024073,2019-03-26,00:00:00,403.367,596279000.0,18925093.11666585,2310024073
2310024073,2019-03-27,00:00:00,403.38,596523000.0,18928811.33333249,2310024073
2310024073,2019-03-28,00:00:00,403.39,596710000.0,18931671.49999914,2310024073
2310024073,2019-03-29,00:00:00,403.393,596771999.9999998,18932529.54999913,2310024073
2310024073,2019-03-30,00:00:00,403.356,596063000.0,18921946.93333253,2310024073
2310024073,2019-03-31,00:00:00,403.358,596106000.0,18922518.96666586,2310024073
2310024073,2019-04-01,00:00:00,403.387,596656999.9999998,18930813.449999146,2310024073
2310024073,2019-04-02,00:00:00,403.411,597108000.0000001,18937677.849999107,2310024073
2310024073,2019-04-03,00:00:00,403.429,597441000.0,18942826.14999907,2310024073
2310024073,2019-04-04,00:00:00,403.4380000000001,597622000.0,18945400.299999095,2310024073
2310024073,2019-04-05,00:00:00,403.445,597758000.0,18947402.416665718,2310024073
2310024073,2019-04-06,00:00:00,403.467,598169000.0,18953694.783332348,2310024073
2310024073,2019-04-07,00:00:00,403.52,599181000.0,18969838.862068005,2310024073
2310024073,2019-04-08,00:00:00,403.606,600813000.0,18998672.635631558,2310024073
2310024073,2019-04-09,00:00:00,403.673,602088000.0000002,19021136.156896185,2310024073
2310024073,2019-04-10,00:00:00,403.726,603079000.0000001,19038905.808045812,2310024073
2310024073,2019-04-11,00:00:00,403.769,603911000.0,19053322.69482759,2310024073
2310024073,2019-04-12,00:00:00,403.81,604681000.0,19067069.028735794,2310024073
2310024073,2019-04-13,00:00:00,403.845,605364000.0,19078803.704023294,2310024073
2310024073,2019-04-14,00:00:00,403.877,605970000.0,19089532.55000042,2310024073
2310024073,2019-04-15,00:00:00,403.915,606688000.0,19102273.05459827,2310024073
2310024073,2019-04-16,00:00:00,403.942,607212000.0,19111325.518391475,2310024073
2310024073,2019-04-17,00:00:00,403.976,607869000.0,19122724.917242177,2310024073
2310024073,2019-04-18,00:00:00,403.992,608156999.9999998,19128089.34023075,2310024073
2310024073,2019-04-19,00:00:00,404.049,609260000.0,19147200.09712751,2310024073
2310024073,2019-04-20,00:00:00,404.141,611013000.0,19178045.529311787,2310024073
2310024073,2019-04-21,00:00:00,404.198,612110000.0,19197156.286208544,2310024073
2310024073,2019-04-22,00:00:00,404.254,613186000.0,19215931.766668543,2310024073
2310024073,2019-04-23,00:00:00,404.297,614014000.0,19230348.65345032,2310024073
2310024073,2019-04-24,00:00:00,404.345,614935000.0,19246441.922416024,2310024073
2310024073,2019-04-25,00:00:00,404.42,616382000.0,19271587.65517493,2310024073
2310024073,2019-04-26,00:00:00,404.474,617435000.0,19289692.582761332,2310024073
2310024073,2019-04-27,00:00:00,404.532,618539000.0,19309138.616094887,2310024073
2310024073,2019-04-28,00:00:00,404.583,619530000.0,19326237.714370962,2310024073
2310024073,2019-04-29,00:00:00,404.62,620238000.0,19338642.942532018,2310024073
2310024073,2019-04-30,00:00:00,404.654,620899000.0,19350042.34138272,2310024073
2310024073,2019-05-01,00:00:00,404.601,619878000.0,19332272.69023309,2310024073
2310024073,2019-05-02,00:00:00,404.536,618614000.0,19310479.721842036,2310024073
2310024073,2019-05-03,00:00:00,404.463,617216000.0,19286004.541956704,2310024073
2310024073,2019-05-04,00:00:00,404.386,615736000.0,19260188.256324224,2310024073
2310024073,2019-05-05,00:00:00,404.287,613823000.0,19226995.88908245,2310024073
2310024073,2019-05-06,00:00:00,404.195,612062000.0,19196150.456898194,2310024073
2310024073,2019-05-07,00:00:00,404.107,610362000.0,19166646.13046108,2310024073
2310024073,2019-05-08,00:00:00,404.016,608617000.0,19136135.974713605,2310024073
2310024073,2019-05-09,00:00:00,403.917,606741000.0,19102943.607471827,2310024073
2310024073,2019-05-10,00:00:00,403.823,604947000.0,19071427.622413997,2310024073
2310024073,2019-05-11,00:00:00,403.72,602973000.0000002,19036894.14942511,2310024073
2310024073,2019-05-12,00:00:00,403.614,600962000.0,19001354.847125836,2310024073
2310024073,2019-05-13,00:00:00,403.48800000000006,598570000.0,18959701.133332334,2310024073
2310024073,2019-05-14,00:00:00,403.365,596229000.0,18924521.083332516,2310024073
2310024073,2019-05-15,00:00:00,403.235,593775000.0,18887338.916666057,2310024073
2310024073,2019-05-16,00:00:00,403.124,591677000.0,18855591.066666238,2310024073
2310024073,2019-05-17,00:00:00,402.986,589084000.0000001,18815385.766666453,2310024073
2310024073,2019-05-18,00:00:00,402.853,586578000.0,18770363.050000068,2310024073
2310024073,2019-05-19,00:00:00,402.721,584112000.0,18725678.85000034,2310024073
2310024073,2019-05-20,00:00:00,402.605,581935000.0,18686410.91666725,2310024073
2310024073,2019-05-21,00:00:00,402.4980000000001,579935000.0,18650204.000000827,2310024073
2310024073,2019-05-22,00:00:00,402.375,577646000.0,18609450.000000626,2310024073
2310024073,2019-05-23,00:00:00,402.256,575438000.0,18570021.33333379,2310024073
2310024073,2019-05-24,00:00:00,402.133,573153000.0,18529267.333333626,2310024073
2310024073,2019-05-25,00:00:00,402.002,570727000.0,18485862.66666679,2310024073
2310024073,2019-05-26,00:00:00,401.872,568333000.0000002,18443516.373333436,2310024073
2310024073,2019-05-27,00:00:00,401.745,565990000.0,18402158.40000008,2310024073
2310024073,2019-05-28,00:00:00,401.62,563697000.0,18361451.733333394,2310024073
2310024073,2019-05-29,00:00:00,401.48800000000006,561275000.0,18318575.801904812,2310024073
2310024073,2019-05-30,00:00:00,401.369,559086000.0,18280916.94857139,2310024073
2310024073,2019-05-31,00:00:00,401.234,556628000.0,18238194.719999857,2310024073
2310024073,2019-06-01,00:00:00,401.101,554198000.0,18196105.41333311,2310024073
2310024073,2019-06-02,00:00:00,400.962,551678000.0,18152234.959999703,2310024073
2310024073,2019-06-03,00:00:00,400.826,549208000.0000002,18109617.22285684,2310024073
2310024073,2019-06-04,00:00:00,400.69,546746000.0,18066999.485713955,2310024073
2310024073,2019-06-05,00:00:00,400.542,544082000.0,18020621.359999638,2310024073
2310024073,2019-06-06,00:00:00,400.393,541411999.9999998,17971746.05297784,2310024073
2310024073,2019-06-07,00:00:00,400.252,538883000.0,17924683.748958483,2310024073
2310024073,2019-06-08,00:00:00,400.119,536490000.0,17880291.646585606,2310024073
2310024073,2019-06-09,00:00:00,399.982,534049000.0,17834691.505084407,2310024073
2310024073,2019-06-10,00:00:00,399.846,531634000.0,17790258.098789092,2310024073
2310024073,2019-06-11,00:00:00,399.708,529174000.0,17745171.260048274,2310024073
2310024073,2019-06-12,00:00:00,399.574,526800000.0,17701391.286198482,2310024073
2310024073,2019-06-13,00:00:00,399.435,524346000.0,17655450.302663468,2310024073
2310024073,2019-06-14,00:00:00,399.296,521895000.0,17608908.861985598,2310024073
2310024073,2019-06-15,00:00:00,399.151,519340000.00000006,17560358.43825689,2310024073
2310024073,2019-06-16,00:00:00,399.012,516899000.0,17513816.99757902,2310024073
2310024073,2019-06-17,00:00:00,398.871,514428000.0,17468034.77746006,2310024073
2310024073,2019-06-18,00:00:00,398.736,512086000.0,17424328.000000138,2310024073
2310024073,2019-06-19,00:00:00,398.591,509556000.0,17377383.68346911,2310024073
2310024073,2019-06-20,00:00:00,398.442,506960000.0,17331260.259740215,2310024073
2310024073,2019-06-21,00:00:00,398.298,504477000.0,17289892.987012904,2310024073
2310024073,2019-06-22,00:00:00,398.159,502077000.0,17249962.077921957,2310024073
2310024073,2019-06-23,00:00:00,398.012,499547000.0,17207732.98701283,2310024073
2310024073,2019-06-24,00:00:00,397.86300000000006,496993000.00000006,17156661.509379506,2310024073
2310024073,2019-06-25,00:00:00,397.709,494349000.0,17103127.731601864,2310024073
2310024073,2019-06-26,00:00:00,397.5580000000001,491770000.0,17050636.81962514,2310024073
2310024073,2019-06-27,00:00:00,397.409,489235000.0,16998146.343434606,2310024073
2310024073,2019-06-28,00:00:00,397.255,486621000.0,16943436.736596875,2310024073
2310024073,2019-06-29,00:00:00,397.101,484008000.0,16888727.129759144,2310024073
2310024073,2019-06-30,00:00:00,396.945,481389000.0,16836293.654700797,2310024073
2310024073,2019-07-01,00:00:00,396.793,478826000.0,16790548.566153836,2310024073
2310024073,2019-07-02,00:00:00,396.635,476170000.0,16742997.750427378,2310024073
2310024073,2019-07-03,00:00:00,396.469,473399000.0,16692728.647148477,2310024073
2310024073,2019-07-04,00:00:00,396.306,470680000.0,16642039.634125974,2310024073
2310024073,2019-07-05,00:00:00,396.151,468108000.0,16593838.425423605,2310024073
2310024073,2019-07-06,00:00:00,395.99300000000005,465486000.0,16544482.06321696,2310024073
2310024073,2019-07-07,00:00:00,395.83,462807000.0,16488618.338461522,2310024073
2310024073,2019-07-08,00:00:00,395.656,459935000.0,16428984.669090716,2310024073
2310024073,2019-07-09,00:00:00,395.491,457228000.0,16372569.549090551,2310024073
2310024073,2019-07-10,00:00:00,395.325,454513000.0,16318150.121211844,2310024073
2310024073,2019-07-11,00:00:00,395.169,451974000.0,16267008.972121008,2310024073
2310024073,2019-07-12,00:00:00,394.9980000000001,449197000.0,16210971.636363553,2310024073
2310024073,2019-07-13,00:00:00,394.834,446551000.0,16158948.848484771,2310024073
2310024073,2019-07-14,00:00:00,394.661,443750000.0,16104071.151515115,2310024073
2310024073,2019-07-15,00:00:00,394.496,441105000.0,16051654.745098043,2310024073
2310024073,2019-07-16,00:00:00,394.332,438472000.0,15996499.294118082,2310024073
2310024073,2019-07-17,00:00:00,394.163,435779000.0,15939662.274510685,2310024073
2310024073,2019-07-18,00:00:00,393.995,433104000.0,15883258.277312214,2310024073
2310024073,2019-07-19,00:00:00,393.834,430549000.0,15832225.787115635,2310024073
2310024073,2019-07-20,00:00:00,393.673,427998000.0000001,15781193.296919057,2310024073
2310024073,2019-07-21,00:00:00,393.515,425510000.0,15731111.72268887,2310024073
2310024073,2019-07-22,00:00:00,393.354,422988000.00000006,15681379.32773059,2310024073
2310024073,2019-07-23,00:00:00,393.196,420505000.0,15632704.705881592,2310024073
2310024073,2019-07-24,00:00:00,393.032,417956000.0,15582181.680671213,2310024073
2310024073,2019-07-25,00:00:00,392.861,415292000.0,15523408.484338436,2310024073
2310024073,2019-07-26,00:00:00,392.69,412644000.0,15463232.421695633,2310024073
2310024073,2019-07-27,00:00:00,392.507,409815000.0,15398833.477463862,2310024073
2310024073,2019-07-28,00:00:00,392.336,407197000.0,15341109.267813405,2310024073
2310024073,2019-07-29,00:00:00,392.172,404686000.0,15285848.405756515,2310024073
2310024073,2019-07-30,00:00:00,392.003,402102000.0,15228902.761319822,2310024073
2310024073,2019-07-31,00:00:00,391.828,399444000.0,15175784.04212015,2310024073
2310024073,2019-08-01,00:00:00,391.66,396889000.0,15124888.002808172,2310024073
2310024073,2019-08-02,00:00:00,391.485,394253000.0,15071519.007185385,2310024073
2310024073,2019-08-03,00:00:00,391.3,391466000.0,15011127.888010291,2310024073
2310024073,2019-08-04,00:00:00,391.12,388767000.0,14952368.961245334,2310024073
2310024073,2019-08-05,00:00:00,390.942,386120000.0,14894565.35977515,2310024073
2310024073,2019-08-06,00:00:00,390.759,383392000.0,14835781.394193785,2310024073
2310024073,2019-08-07,00:00:00,390.579,380734000.0,14777961.100179324,2310024073
2310024073,2019-08-08,00:00:00,390.397,378042000.0,14719318.474503264,2310024073
2310024073,2019-08-09,00:00:00,390.219,375424000.0,14661829.760790776,2310024073
2310024073,2019-08-10,00:00:00,390.05300000000005,373001000.0,14608216.690699374,2310024073
2310024073,2019-08-11,00:00:00,389.881,370490000.0,14552269.77460367,2310024073
2310024073,2019-08-12,00:00:00,389.694,367779000.0,14491252.004442405,2310024073
2310024073,2019-08-13,00:00:00,389.509,365102000.0,14430886.830753436,2310024073
2310024073,2019-08-14,00:00:00,389.334,362585000.0,14373396.084311118,2310024073
2310024073,2019-08-15,00:00:00,389.165,360159000.0,14317856.105205359,2310024073
2310024073,2019-08-16,00:00:00,388.934,356856000.0,14242033.397078617,2310024073
2310024073,2019-08-17,00:00:00,388.703,353586000.0,14166442.900490493,2310024073
2310024073,2019-08-18,00:00:00,388.469,350270000.0,14090104.169022143,2310024073
2310024073,2019-08-19,00:00:00,388.23,346923000.0,14013695.72010842,2310024073
2310024073,2019-08-20,00:00:00,387.997,343656000.0,13939163.43549535,2310024073
2310024073,2019-08-21,00:00:00,387.753,340274000.0,13857737.275861945,2310024073
2310024073,2019-08-22,00:00:00,387.526,337139000.0,13781984.250301378,2310024073
2310024073,2019-08-23,00:00:00,387.297,333980000.0,13707303.204874197,2310024073
2310024073,2019-08-24,00:00:00,387.05300000000005,330651000.0,13627967.761850737,2310024073
2310024073,2019-08-25,00:00:00,386.819,327465000.0,13553828.59820428,2310024073
2310024073,2019-08-26,00:00:00,386.58,324232000.0,13478686.912432423,2310024073
2310024073,2019-08-27,00:00:00,386.326,320824000.0,13398700.214933947,2310024073
2310024073,2019-08-28,00:00:00,386.16,318598000.0,13346386.680342864,2310024073
2310024073,2019-08-29,00:00:00,386.044,317058000.0,13309830.234484019,2310024073
2310024073,2019-08-30,00:00:00,385.92,315407000.0,13270156.175580315,2310024073
2310024073,2019-08-31,00:00:00,385.754,313211000.0,13216604.947380207,2310024073
2310024073,2019-09-01,00:00:00,385.635,311639000.0,13178215.813911444,2310024073
2310024073,2019-09-02,00:00:00,385.514,310049000.0000001,13139181.484922213,2310024073
2310024073,2019-09-03,00:00:00,385.403,308593000.0,13103374.58877123,2310024073
2310024073,2019-09-04,00:00:00,385.32,307499000.0,13076600.21987296,2310024073
2310024073,2019-09-05,00:00:00,385.232,306357000.0,13048212.937185662,2310024073
2310024073,2019-09-06,00:00:00,385.156,305369000.0,13023696.647592068,2310024073
2310024073,2019-09-07,00:00:00,385.085,304445000.0,13000793.271787524,2310024073
2310024073,2019-09-08,00:00:00,385.013,303500000.0,12977567.313225178,2310024073
2310024073,2019-09-09,00:00:00,384.956,302763000.0,12959130.498484716,2310024073
2310024073,2019-09-10,00:00:00,384.926,302381000.0,12949419.19924225,2310024073
2310024073,2019-09-11,00:00:00,384.86800000000005,301622000.0,12930644.020706851,2310024073
2310024073,2019-09-12,00:00:00,384.805,300822000.0,12910250.292297672,2310024073
2310024073,2019-09-13,00:00:00,384.757,300191000.0,12894712.213509738,2310024073
2310024073,2019-09-14,00:00:00,384.722,299747000.0,12883382.36439353,2310024073
2310024073,2019-09-15,00:00:00,385.132,305158000.0,13015954.661404619,2310024073
2310024073,2019-09-16,00:00:00,385.329,307622000.0,13079503.46469326,2310024073
2310024073,2019-09-17,00:00:00,385.344,307812000.0,13084342.20606041,2310024073
2310024073,2019-09-18,00:00:00,385.375,308220000.0,13094342.271552533,2310024073
2310024073,2019-09-19,00:00:00,385.394,308471000.0,13100471.343950931,2310024073
2310024073,2019-09-20,00:00:00,385.412,308713000.0,13106277.83359151,2310024073
2310024073,2019-09-21,00:00:00,385.422,308839000.0,13109503.661169628,2310024073
2310024073,2019-09-22,00:00:00,385.434,308996000.0,13113374.654263353,2310024073
2310024073,2019-09-23,00:00:00,385.442,309097000.0,13115955.316325828,2310024073
2310024073,2019-09-24,00:00:00,385.4380000000001,309044000.0000001,13114664.985294618,2310024073
2310024073,2019-09-25,00:00:00,385.412,308711000.0,13106277.83359151,2310024073
2310024073,2019-09-26,00:00:00,385.391,308435000.0,13099503.595677504,2310024073
2310024073,2019-09-27,00:00:00,385.36,308022000.0,13089503.530185383,2310024073
2310024073,2019-09-28,00:00:00,385.333,307677000.0,13080793.795724507,2310024073
2310024073,2019-09-29,00:00:00,385.328,307614000.0000001,13079180.881935438,2310024073
2310024073,2019-09-30,00:00:00,385.321,307522000.0,13076922.802630782,2310024073
2310024073,2019-10-01,00:00:00,385.316,307447000.0,13075309.888841713,2310024073
2310024073,2019-10-02,00:00:00,385.297,307207000.0,13069180.816443333,2310024073
2310024073,2019-10-03,00:00:00,385.288,307085000.0,13066277.571623035,2310024073
2310024073,2019-10-04,00:00:00,385.282,307007000.0,13064342.075076165,2310024073
2310024073,2019-10-05,00:00:00,385.244,306507000.0,13052083.930279385,2310024073
2310024073,2019-10-06,00:00:00,385.211,306077000.0,13041438.69927164,2310024073
2310024073,2019-10-07,00:00:00,385.218,306175000.0,13043696.778576313,2310024073
2310024073,2019-10-08,00:00:00,385.226,306277000.0,13046277.44063879,2310024073
2310024073,2019-10-09,00:00:00,385.199,305929000.00000006,13037567.706177915,2310024073
2310024073,2019-10-10,00:00:00,385.124,304942000.0,13013373.999342142,2310024073
2310024073,2019-10-11,00:00:00,385.1230000000001,304928000.0,13013051.416584358,2310024073
2310024073,2019-10-12,00:00:00,385.082,304399000.0,12999825.523514098,2310024073
2310024073,2019-10-13,00:00:00,385.044,303904000.0,12987567.3787173,2310024073
2310024073,2019-10-14,00:00:00,385.052,304014000.0,12990148.040779795,2310024073
2310024073,2019-10-15,00:00:00,385.042,303884000.0,12986922.213201676,2310024073
2310024073,2019-10-16,00:00:00,385.039,303840000.0,12985954.464928249,2310024073
2310024073,2019-10-17,00:00:00,385.044,303910000.0,12987567.3787173,2310024073
2310024073,2019-10-18,00:00:00,385.04,303861000.0,12986277.04768607,2310024073
2310024073,2019-10-19,00:00:00,385.023,303640000.0,12980793.140803296,2310024073
2310024073,2019-10-20,00:00:00,385.025,303665000.0,12981438.306318901,2310024073
2310024073,2019-10-21,00:00:00,385.042,303887000.0,12986922.213201676,2310024073
2310024073,2019-10-22,00:00:00,385.077,304334000.0,12998212.609725047,2310024073
2310024073,2019-10-23,00:00:00,385.1,304636000.0,13005632.013154693,2310024073
2310024073,2019-10-24,00:00:00,385.14,305157000.0,13018535.323467094,2310024073
2310024073,2019-10-25,00:00:00,385.175,305612000.0,13029825.719990466,2310024073
2310024073,2019-10-26,00:00:00,385.192,305827000.0,13035309.62687324,2310024073
2310024073,2019-10-27,00:00:00,385.199,305925000.0,13037567.706177915,2310024073
2310024073,2019-10-28,00:00:00,385.218,306173000.0,13043696.778576313,2310024073
2310024073,2019-10-29,00:00:00,385.24,306460000.0,13050793.599248137,2310024073
2310024073,2019-10-30,00:00:00,385.271,306866000.0,13060793.66474026,2310024073
2310024073,2019-10-31,00:00:00,385.28,306978000.0,13063696.90956054,2310024073
2310024073,2019-11-01,00:00:00,385.291,307127000.0,13067245.319896461,2310024073
2310024073,2019-11-02,00:00:00,385.315,307414000.0,13074987.30608391,2310024073
2310024073,2019-11-03,00:00:00,385.353,307925000.0,13087245.450880708,2310024073
2310024073,2019-11-04,00:00:00,385.399,308512000.0,13102084.257739982,2310024073
2310024073,2019-11-05,00:00:00,385.434,309000000.0,13113374.654263353,2310024073
2310024073,2019-11-06,00:00:00,385.468,309438000.0,13124342.468028901,2310024073
2310024073,2019-11-07,00:00:00,385.507,309951000.0,13136923.30060052,2310024073
2310024073,2019-11-08,00:00:00,385.538,310365000.0,13146923.831168013,2310024073
2310024073,2019-11-09,00:00:00,385.572,310804000.00000006,13157892.155016225,2310024073
2310024073,2019-11-10,00:00:00,385.601,311193000.0,13167247.490063231,2310024073
2310024073,2019-11-11,00:00:00,385.624,311545000.0,13174667.238548797,2310024073
2310024073,2019-11-12,00:00:00,385.664,312023000.0,13187571.14895845,2310024073
2310024073,2019-11-13,00:00:00,385.7,312488000.0,13199184.668327149,2310024073
2310024073,2019-11-14,00:00:00,385.736,312967000.0,13210798.187695848,2310024073
2310024073,2019-11-15,00:00:00,385.778,313522000.0,13224347.293626007,2310024073
2310024073,2019-11-16,00:00:00,385.816,314027000.0,13236606.008515174,2310024073
2310024073,2019-11-17,00:00:00,385.85,314481000.0,13247574.332363404,2310024073
2310024073,2019-11-18,00:00:00,385.891,315019000.0,13260800.84053331,2310024073
2310024073,2019-11-19,00:00:00,386.055,317205000.0,13313296.794005124,2310024073
2310024073,2019-11-20,00:00:00,386.11800000000005,318044000.0000001,13333150.725807779,2310024073
2310024073,2019-11-21,00:00:00,386.157,318565000.0,13345441.255018914,2310024073
2310024073,2019-11-22,00:00:00,386.215,319330000.0,13363719.477948327,2310024073
2310024073,2019-11-23,00:00:00,386.436,322295000.0,13433365.810144894,2310024073
2310024073,2019-11-24,00:00:00,386.649,325160000.0,13500380.53719501,2310024073
2310024073,2019-11-25,00:00:00,386.725,326192000.0,13524274.964469748,2310024073
2310024073,2019-11-26,00:00:00,386.792,327096000.0,13545339.788514558,2310024073
2310024073,2019-11-27,00:00:00,386.857,327975000.0,13565775.811841646,2310024073
2310024073,2019-11-28,00:00:00,386.912,328727000.0,13583067.831579922,2310024073
2310024073,2019-11-29,00:00:00,386.962,329414000.0,13598787.849523826,2310024073
2310024073,2019-11-30,00:00:00,387.015,330128000.0000001,13615612.242035583,2310024073
2310024073,2019-12-01,00:00:00,387.061,330751999.9999999,13630568.923917055,2310024073
2310024073,2019-12-02,00:00:00,387.11800000000005,331533000.0,13649102.203639776,2310024073
2310024073,2019-12-03,00:00:00,387.17,332250000.0,13666009.757070994,2310024073
2310024073,2019-12-04,00:00:00,387.215,332864000.0000001,13680641.293694163,2310024073
2310024073,2019-12-05,00:00:00,387.261,333491000.0,13695597.975575652,2310024073
2310024073,2019-12-06,00:00:00,387.31,334158000.0,13711530.093231998,2310024073
2310024073,2019-12-07,00:00:00,387.354,334760000.0,13725836.48459688,2310024073
2310024073,2019-12-08,00:00:00,387.395,335323000.0000001,13739167.44018689,2310024073
2310024073,2019-12-09,00:00:00,387.434,335861000.0,13751848.105260327,2310024073
2310024073,2019-12-10,00:00:00,387.482,336531000.0,13767455.077658387,2310024073
2310024073,2019-12-11,00:00:00,387.528,337162000.0,13782651.67783936,2310024073
2310024073,2019-12-12,00:00:00,387.564,337662000.0,13794665.373522975,2310024073
2310024073,2019-12-13,00:00:00,387.614,338340000.0,13811351.061972426,2310024073
2310024073,2019-12-14,00:00:00,387.667,339071999.99999994,13829037.89172886,2310024073
2310024073,2019-12-15,00:00:00,387.71,339679000.00000006,13843387.583795402,2310024073
2310024073,2019-12-16,00:00:00,387.756,340313000.0000001,13858738.417168908,2310024073
2310024073,2019-12-17,00:00:00,387.8,340920000.0,13873421.823004453,2310024073
2310024073,2019-12-18,00:00:00,387.841,341491000.0,13887104.087533014,2310024073
2310024073,2019-12-19,00:00:00,387.901,342327000.0,13907126.913672375,2310024073
2310024073,2019-12-20,00:00:00,387.955,343070000.0,13925147.45719779,2310024073
2310024073,2019-12-21,00:00:00,388.574,351753000.0000001,14124230.02577247,2310024073
2310024073,2019-12-22,00:00:00,389.206,360751000.0,14331330.301319774,2310024073
2310024073,2019-12-23,00:00:00,389.452,364288000.0,14412175.478006266,2310024073
2310024073,2019-12-24,00:00:00,389.578,366105000.0,14453401.409048228,2310024073
2310024073,2019-12-25,00:00:00,389.677,367526000.0,14485704.934427744,2310024073
2310024073,2019-12-26,00:00:00,389.761,368743000.00000006,14513113.986264898,2310024073
2310024073,2019-12-27,00:00:00,389.84,369893000.0,14538891.546921251,2310024073
2310024073,2019-12-28,00:00:00,389.91,370920000.0,14561732.42345223,2310024073
2310024073,2019-12-29,00:00:00,389.982,371962000.0,14585225.896455504,2310024073
2310024073,2019-12-30,00:00:00,390.05,372951000.0,14607247.779794095,2310024073
2310024073,2019-12-31,00:00:00,390.109,373815000.0,14626303.027597662,2310024073
2310024073,2020-01-01,00:00:00,390.174,374765000.0,14647296.097211773,2310024073
2310024073,2020-01-02,00:00:00,390.23800000000006,375701000.0,14667966.196524153,2310024073
2310024073,2020-01-03,00:00:00,390.298,376583000.0,14687344.414629467,2310024073
2310024073,2020-01-04,00:00:00,390.359,377481000.0,14707045.603036549,2310024073
2310024073,2020-01-05,00:00:00,390.416,378330000.0,14725454.91023662,2310024073
2310024073,2020-01-06,00:00:00,390.472,379152000.0,14743541.247134926,2310024073
2310024073,2020-01-07,00:00:00,390.531,380025000.0,14762542.355108801,2310024073
2310024073,2020-01-08,00:00:00,390.59,380898000.0,14781494.562591309,2310024073
2310024073,2020-01-09,00:00:00,390.637,381589000.0,14796592.083806204,2310024073
2310024073,2020-01-10,00:00:00,390.681,382239000.0,14810725.933454176,2310024073
2310024073,2020-01-11,00:00:00,390.73,382960000.0,14826465.902380345,2310024073
2310024073,2020-01-12,00:00:00,390.78,383710000.0,14842527.095162125,2310024073
2310024073,2020-01-13,00:00:00,390.834,384503000.0,14859873.183366472,2310024073
2310024073,2020-01-14,00:00:00,390.883,385241000.0,14875613.152292624,2310024073
2310024073,2020-01-15,00:00:00,390.92800000000005,385908000.0,14890068.225796262,2310024073
2310024073,2020-01-16,00:00:00,390.978,386647000.0,14906129.418578042,2310024073
2310024073,2020-01-17,00:00:00,391.023,387316000.0,14920704.42848867,2310024073
2310024073,2020-01-18,00:00:00,391.07,388017000.0,14936047.037143953,2310024073
2310024073,2020-01-19,00:00:00,391.115,388689000.0,14950736.768835196,2310024073
2310024073,2020-01-20,00:00:00,391.175,389597000.0,14970323.07775685,2310024073
2310024073,2020-01-21,00:00:00,391.231,390426000.0,14988603.632750386,2310024073
2310024073,2020-01-22,00:00:00,391.28,391170000.0,15004599.118369728,2310024073
2310024073,2020-01-23,00:00:00,391.334,391972000.0,15022226.796399225,2310024073
2310024073,2020-01-24,00:00:00,391.411,393133000.0,15047362.559515344,2310024073
2310024073,2020-01-25,00:00:00,391.476,394110000.0,15068581.060847132,2310024073
2310024073,2020-01-26,00:00:00,391.639,396573000.0,15118525.99789417,2310024073
2310024073,2020-01-27,00:00:00,391.82,399319000.0,15173360.421200536,2310024073
2310024073,2020-01-28,00:00:00,391.896,400478000.0,15196384.819936918,2310024073
2310024073,2020-01-29,00:00:00,391.962,401480000.0,15216379.692523764,2310024073
2310024073,2020-01-30,00:00:00,392.023,402410000.0,15235641.890838968,2310024073
2310024073,2020-01-31,00:00:00,392.081,403283000.0,15255185.366444454,2310024073
2310024073,2020-02-01,00:00:00,392.142,404215000.0,15275739.711477803,2310024073
2310024073,2020-02-02,00:00:00,392.198,405076000.0,15294609.27413137,2310024073
2310024073,2020-02-03,00:00:00,392.252,405894000.0,15312804.923833042,2310024073
2310024073,2020-02-04,00:00:00,392.30300000000005,406684000.0,15329989.704106849,2310024073
2310024073,2020-02-05,00:00:00,392.349,407386000.0,15345489.702000834,2310024073
2310024073,2020-02-06,00:00:00,392.393,408075000.0,15360315.786942922,2310024073
2310024073,2020-02-07,00:00:00,392.444,408852000.0,15377500.567216728,2310024073
2310024073,2020-02-08,00:00:00,392.497,409660000.0,15395359.26044243,2310024073
2310024073,2020-02-09,00:00:00,392.548,410454000.0,15413261.656226171,2310024073
2310024073,2020-02-10,00:00:00,392.596,411189000.0,15430153.182582047,2310024073
2310024073,2020-02-11,00:00:00,392.648,411999000.0,15448452.336134251,2310024073
2310024073,2020-02-12,00:00:00,392.6880000000001,412619000.0,15462528.608097509,2310024073
2310024073,2020-02-13,00:00:00,392.737,413379000.0,15479772.041252436,2310024073
2310024073,2020-02-14,00:00:00,392.779,414021000.0,15494552.126813818,2310024073
2310024073,2020-02-15,00:00:00,392.829,414790000.0,15512147.466767859,2310024073
2310024073,2020-02-16,00:00:00,392.87,415441000.0,15526575.645530168,2310024073
2310024073,2020-02-17,00:00:00,392.911,416063000.0000001,15541003.824292475,2310024073
2310024073,2020-02-18,00:00:00,392.95,416671000.0,15554728.18945662,2310024073
2310024073,2020-02-19,00:00:00,392.989,417280000.0,15568452.554620763,2310024073
2310024073,2020-02-20,00:00:00,393.031,417940000.0,15581873.613444328,2310024073
2310024073,2020-02-21,00:00:00,393.068,418513000.0,15593272.100839343,2310024073
2310024073,2020-02-22,00:00:00,393.085,418780000.0,15598509.243696515,2310024073
2310024073,2020-02-23,00:00:00,393.102,419048000.0,15603746.386553684,2310024073
2310024073,2020-02-24,00:00:00,393.137,419584000.0,15614528.73949493,2310024073
2310024073,2020-02-25,00:00:00,393.168,420075000.0,15624078.823528597,2310024073
2310024073,2020-02-26,00:00:00,393.196,420508000.0,15632704.705881592,2310024073
2310024073,2020-02-27,00:00:00,393.228,421015000.0,15642562.857142147,2310024073
2310024073,2020-02-28,00:00:00,393.264,421567000.0,15653653.277310276,2310024073
2310024073,2020-02-29,00:00:00,393.274,421724000.0,15656733.949579198,2310024073
2310024073,2020-03-01,00:00:00,393.28,421821000.0,15658582.352940544,2310024073
2310024073,2020-03-02,00:00:00,393.323,422493000.00000006,15671829.243696922,2310024073
2310024073,2020-03-03,00:00:00,393.356,423016000.0,15681995.462184379,2310024073
2310024073,2020-03-04,00:00:00,393.39,423555000.0,15692469.74789872,2310024073
2310024073,2020-03-05,00:00:00,393.4330000000001,424217000.0,15705716.638655134,2310024073
2310024073,2020-03-06,00:00:00,393.461,424663000.0,15714342.521008093,2310024073
2310024073,2020-03-07,00:00:00,393.466,424744000.0,15715882.857142555,2310024073
2310024073,2020-03-08,00:00:00,393.469,424783000.0,15716807.058823228,2310024073
2310024073,2020-03-09,00:00:00,393.4980000000001,425248000.0000001,15725741.008403143,2310024073
2310024073,2020-03-10,00:00:00,393.524,425653000.0,15733964.470588064,2310024073
2310024073,2020-03-11,00:00:00,393.54,425899000.0,15739036.022408847,2310024073
2310024073,2020-03-12,00:00:00,393.546,425999000.0,15740937.85434163,2310024073
2310024073,2020-03-13,00:00:00,393.567,426337000.0,15747594.266106406,2310024073
2310024073,2020-03-14,00:00:00,393.544,425968000.0,15740303.91036403,2310024073
2310024073,2020-03-15,00:00:00,393.543,425958000.0,15739986.938375238,2310024073
2310024073,2020-03-16,00:00:00,393.559,426209000.0,15745058.490196023,2310024073
2310024073,2020-03-17,00:00:00,393.579,426519000.0,15751397.92997199,2310024073
2310024073,2020-03-18,00:00:00,393.609,426998000.0000001,15760907.089635938,2310024073
2310024073,2020-03-19,00:00:00,393.631,427336000.0,15767880.473389506,2310024073
2310024073,2020-03-20,00:00:00,393.642,427517000.0,15771367.165266298,2310024073
2310024073,2020-03-21,00:00:00,393.646,427569000.0,15772635.0532215,2310024073
2310024073,2020-03-22,00:00:00,393.658,427757000.0,15776438.717087083,2310024073
2310024073,2020-03-23,00:00:00,393.703,428480000.0,15790702.456583008,2310024073
2310024073,2020-03-24,00:00:00,393.756,429309000.0,15807501.971989334,2310024073
2310024073,2020-03-25,00:00:00,393.802,430033000.0,15822082.683474084,2310024073
2310024073,2020-03-26,00:00:00,393.835,430562000.0,15832542.759104427,2310024073
2310024073,2020-03-27,00:00:00,393.875,431197000.0,15845221.638656378,2310024073
2310024073,2020-03-28,00:00:00,393.911,431771000.0,15856632.630253129,2310024073
2310024073,2020-03-29,00:00:00,393.935,432150000.0,15864239.957984295,2310024073
2310024073,2020-03-30,00:00:00,393.97,432710000.0,15875333.977592256,2310024073
2310024073,2020-03-31,00:00:00,394.0,433180000.0,15884843.137256205,2310024073
2310024073,2020-04-01,00:00:00,394.047,433923000.0,15900649.882354131,2310024073
2310024073,2020-04-02,00:00:00,394.091,434636000.0,15915447.686275579,2310024073
2310024073,2020-04-03,00:00:00,394.155,435654000.0,15936971.764706772,2310024073
2310024073,2020-04-04,00:00:00,394.24,437009000.0,15965558.43137323,2310024073
2310024073,2020-04-05,00:00:00,394.28,437648000.0,15979010.98039272,2310024073
2310024073,2020-04-06,00:00:00,394.323,438335000.0,15993472.47058869,2310024073
2310024073,2020-04-07,00:00:00,394.369,439067000.0,16008942.901961135,2310024073
2310024073,2020-04-08,00:00:00,394.4,439556000.0,16019368.627451234,2310024073
2310024073,2020-04-09,00:00:00,394.4330000000001,440091000.0,16030466.980392367,2310024073
2310024073,2020-04-10,00:00:00,394.465,440596000.0,16041229.019607926,2310024073
2310024073,2020-04-11,00:00:00,394.502,441193000.0,16053634.424242428,2310024073
2310024073,2020-04-12,00:00:00,394.529,441637000.0,16062199.151515143,2310024073
2310024073,2020-04-13,00:00:00,394.566,442229000.0,16073935.999999976,2310024073
2310024073,2020-04-14,00:00:00,394.601,442779000.0,16085038.4242424,2310024073
2310024073,2020-04-15,00:00:00,394.637,443370000.0,16096458.060606029,2310024073
2310024073,2020-04-16,00:00:00,394.691,444231000.0,16113587.515151462,2310024073
2310024073,2020-04-17,00:00:00,394.717,444661000.0,16121835.030302975,2310024073
2310024073,2020-04-18,00:00:00,394.746,445123000.0000001,16131034.181818118,2310024073
2310024073,2020-04-19,00:00:00,394.775,445590000.0,16140233.333333261,2310024073
2310024073,2020-04-20,00:00:00,394.798,445959000.0,16147529.212121142,2310024073
2310024073,2020-04-21,00:00:00,394.825,446393000.0,16156093.93939386,2310024073
2310024073,2020-04-22,00:00:00,394.871,447141000.0,16170685.696969604,2310024073
2310024073,2020-04-23,00:00:00,394.926,448029000.0,16188132.363636259,2310024073
2310024073,2020-04-24,00:00:00,394.96,448577000.0,16198917.57575746,2310024073
2310024073,2020-04-25,00:00:00,394.99,449072000.0,16208433.939393828,2310024073
2310024073,2020-04-26,00:00:00,395.051,450062000.0,16228325.282424096,2310024073
2310024073,2020-04-27,00:00:00,395.108,450976000.0,16247011.471514983,2310024073
2310024073,2020-04-28,00:00:00,395.16,451829000.0,16264058.521211935,2310024073
2310024073,2020-04-29,00:00:00,395.206,452575000.0,16279138.603636153,2310024073
2310024073,2020-04-30,00:00:00,395.237,453087000.0,16289301.267878564,2310024073
2310024073,2020-05-01,00:00:00,395.267,453569000.0,16299136.104242178,2310024073
2310024073,2020-05-02,00:00:00,395.299,454094000.0,16309626.596363368,2310024073
2310024073,2020-05-03,00:00:00,395.328,454565000.0,16319133.604848202,2310024073
2310024073,2020-05-04,00:00:00,395.345,454846000.0,16324706.678787604,2310024073
2310024073,2020-05-05,00:00:00,395.356,455017000.0,16328312.785454255,2310024073
2310024073,2020-05-06,00:00:00,395.369,455240000.0,16332574.547878502,2310024073
2310024073,2020-05-07,00:00:00,395.365,455173000.0,16331263.236363346,2310024073
2310024073,2020-05-08,00:00:00,395.341,454774000.0,16323395.367272448,2310024073
2310024073,2020-05-09,00:00:00,395.32,454441000.0,16316510.981817909,2310024073
2310024073,2020-05-10,00:00:00,395.31,454269000.0,16313232.703030037,2310024073
2310024073,2020-05-11,00:00:00,395.3,454114000.0,16309954.424242167,2310024073
2310024073,2020-05-12,00:00:00,395.324,454503000.0,16317822.293333065,2310024073
2310024073,2020-05-13,00:00:00,395.431,456249000.0,16352899.876363307,2310024073
2310024073,2020-05-14,00:00:00,395.539,458013000.0,16388886.167272406,2310024073
2310024073,2020-05-15,00:00:00,395.578,458655000.0,16402252.334545169,2310024073
2310024073,2020-05-16,00:00:00,395.62,459344000.0,16416646.668531239,2310024073
2310024073,2020-05-17,00:00:00,395.673,460221000.0,16434810.947132692,2310024073
2310024073,2020-05-18,00:00:00,395.7480000000001,461445000.0,16460515.114964973,2310024073
2310024073,2020-05-19,00:00:00,395.811,462482000.0,16482106.615944017,2310024073
2310024073,2020-05-20,00:00:00,395.849,463111000.0,16495130.060979025,2310024073
2310024073,2020-05-21,00:00:00,395.885,463709000.0,16507468.061538504,2310024073
2310024073,2020-05-22,00:00:00,395.907,464071000.0,16515007.950769294,2310024073
2310024073,2020-05-23,00:00:00,395.892,463819000.0,16509867.117202848,2310024073
2310024073,2020-05-24,00:00:00,395.877,463583000.0,16504726.283636404,2310024073
2310024073,2020-05-25,00:00:00,395.856,463222000.0,16497529.116643371,2310024073
2310024073,2020-05-26,00:00:00,395.831,462825000.0,16488961.060699295,2310024073
2310024073,2020-05-27,00:00:00,395.732,461194000.0,16455031.559160734,2310024073
2310024073,2020-05-28,00:00:00,395.572,458567000.0,16400196.0011186,2310024073
2310024073,2020-05-29,00:00:00,395.41,455910000.0,16346015.490908785,2310024073
2310024073,2020-05-30,00:00:00,395.24,453139000.0,16290284.751514921,2310024073
2310024073,2020-05-31,00:00:00,395.079,450511000.0,16237504.46303015,2310024073
2310024073,2020-06-01,00:00:00,394.91,447766000.0,16183056.969696881,2310024073
2310024073,2020-06-02,00:00:00,394.782,445708000.0,16142453.818181746,2310024073
2310024073,2020-06-03,00:00:00,394.691,444242000.0,16113587.515151462,2310024073
2310024073,2020-06-04,00:00:00,394.575,442372000.0,16076790.909090888,2310024073
2310024073,2020-06-05,00:00:00,394.458,440491000.0,16038874.82352953,2310024073
2310024073,2020-06-06,00:00:00,394.366,439022000.0,16007933.960784659,2310024073
2310024073,2020-06-07,00:00:00,394.264,437389000.0,15973629.960784933,2310024073
2310024073,2020-06-08,00:00:00,394.146,435502000.0,15933944.941177398,2310024073
2310024073,2020-06-09,00:00:00,394.034,433714000.0,15896277.80392278,2310024073
2310024073,2020-06-10,00:00:00,393.918,431877000.0,15858851.43417472,2310024073
2310024073,2020-06-11,00:00:00,393.824,430388000.0,15829056.067227652,2310024073
2310024073,2020-06-12,00:00:00,393.726,428837000.0,15797992.812325383,2310024073
2310024073,2020-06-13,00:00:00,393.631,427337000.0,15767880.473389506,2310024073
2310024073,2020-06-14,00:00:00,393.538,425875000.0,15738402.078431247,2310024073
2310024073,2020-06-15,00:00:00,393.451,424507000.0,15711261.848739171,2310024073
2310024073,2020-06-16,00:00:00,393.357,423031000.0,15682303.52941128,2310024073
2310024073,2020-06-17,00:00:00,393.259,421493000.00000006,15652112.941175815,2310024073
2310024073,2020-06-18,00:00:00,393.173,420147000.0,15625619.159663059,2310024073
2310024073,2020-06-19,00:00:00,393.072,418579000.0,15594504.36974692,2310024073
2310024073,2020-06-20,00:00:00,392.977,417102000.0,15564229.673031796,2310024073
2310024073,2020-06-21,00:00:00,392.881,415612000.0,15530446.620320044,2310024073
2310024073,2020-06-22,00:00:00,392.79,414199000.0,15498423.101603715,2310024073
2310024073,2020-06-23,00:00:00,392.691,412665000.0,15463584.328494705,2310024073
2310024073,2020-06-24,00:00:00,392.589,411085000.0,15427689.83498848,2310024073
2310024073,2020-06-25,00:00:00,392.483,409454000.0,15390641.869779034,2310024073
2310024073,2020-06-26,00:00:00,392.398,408147000.0,15362000.569322722,2310024073
2310024073,2020-06-27,00:00:00,392.294,406553000.00000006,15326957.095823213,2310024073
2310024073,2020-06-28,00:00:00,392.194,405015000.0,15293261.448227558,2310024073
2310024073,2020-06-29,00:00:00,392.098,403555000.0,15260913.626535716,2310024073
2310024073,2020-06-30,00:00:00,391.992,401938000.0000001,15225468.270972343,2310024073
2310024073,2020-07-01,00:00:00,391.896,400472000.0,15196384.819936918,2310024073
2310024073,2020-07-02,00:00:00,391.79,398867000.0,15164271.842751974,2310024073
2310024073,2020-07-03,00:00:00,391.675,397125000.0,15129432.292032454,2310024073
2310024073,2020-07-04,00:00:00,391.559,395366000.0,15094289.788697988,2310024073
2310024073,2020-07-05,00:00:00,391.442,393596000.0,15057482.152458198,2310024073
2310024073,2020-07-06,00:00:00,391.322,391792000.0,15018309.534614895,2310024073
2310024073,2020-07-07,00:00:00,391.199,389952000.0,14978157.60132551,2310024073
2310024073,2020-07-08,00:00:00,391.072,388057000.0,14936699.914108012,2310024073
2310024073,2020-07-09,00:00:00,390.935,386003000.0,14892316.792785697,2310024073
2310024073,2020-07-10,00:00:00,390.797,383964000.0,14847987.900707953,2310024073
2310024073,2020-07-11,00:00:00,390.666,382017000.0,14805907.575619644,2310024073
2310024073,2020-07-12,00:00:00,390.523,379905000.0,14759972.56426372,2310024073
2310024073,2020-07-13,00:00:00,390.388,377915000.0,14716411.741787458,2310024073
2310024073,2020-07-14,00:00:00,390.252,375911000.0,14672487.780748714,2310024073
2310024073,2020-07-15,00:00:00,390.11800000000005,373956000.0,14629209.760313485,2310024073
2310024073,2020-07-16,00:00:00,389.984,371997000.0,14585878.492927803,2310024073
2310024073,2020-07-17,00:00:00,389.843,369947000.0,14539870.441629736,2310024073
2310024073,2020-07-18,00:00:00,389.705,367934000.0,14494841.285040116,2310024073
2310024073,2020-07-19,00:00:00,389.56,365834000.0,14447528.040797418,2310024073
2310024073,2020-07-20,00:00:00,389.418,363793000.0,14401001.754399192,2310024073
2310024073,2020-07-21,00:00:00,389.277,361761000.0,14354663.665322779,2310024073
2310024073,2020-07-22,00:00:00,389.121,359537000.0,14303395.992302071,2310024073
2310024073,2020-07-23,00:00:00,388.973,357411000.0,14254795.428970112,2310024073
2310024073,2020-07-24,00:00:00,388.821,355250000.0,14205056.227751967,2310024073
2310024073,2020-07-25,00:00:00,388.666,353054000.00000006,14154335.331772923,2310024073
2310024073,2020-07-26,00:00:00,388.515,350920000.0,14104923.362141732,2310024073
2310024073,2020-07-27,00:00:00,388.377,348976000.0,14060691.711699707,2310024073
2310024073,2020-07-28,00:00:00,388.24,347061000.0,14016892.726339117,2310024073
2310024073,2020-07-29,00:00:00,388.101,345105000.0,13972454.339732382,2310024073
2310024073,2020-07-30,00:00:00,387.954,343060000.0,13924813.743428808,2310024073
2310024073,2020-07-31,00:00:00,387.819,341179000.00000006,13879762.384615252,2310024073
2310024073,2020-08-01,00:00:00,387.694,339446000.0,13838048.163491586,2310024073
2310024073,2020-08-02,00:00:00,387.545,337392000.0,13788324.811912175,2310024073
2310024073,2020-08-03,00:00:00,387.396,335337000.0,13739492.585445194,2310024073
2310024073,2020-08-04,00:00:00,387.25,333340000.0,13692021.377734423,2310024073
2310024073,2020-08-05,00:00:00,387.106,331370000.0,13645200.46054024,2310024073
2310024073,2020-08-06,00:00:00,386.961,329397000.0,13598473.449164955,2310024073
2310024073,2020-08-07,00:00:00,386.79,327068000.0,13544710.987796817,2310024073
2310024073,2020-08-08,00:00:00,386.604,324560000.0,13486232.521045495,2310024073
2310024073,2020-08-09,00:00:00,386.417,322036000.0,13427378.116426636,2310024073
2310024073,2020-08-10,00:00:00,386.23,319537000.0000001,13368446.604568018,2310024073
2310024073,2020-08-11,00:00:00,386.041,317016000.0,13308884.80916009,2310024073
2310024073,2020-08-12,00:00:00,385.845,314413000.0,13245961.343562197,2310024073
2310024073,2020-08-13,00:00:00,385.691,312372000.0,13196281.28848497,2310024073
2310024073,2020-08-14,00:00:00,385.575,310850000.0,13158859.948296946,2310024073
2310024073,2020-08-15,00:00:00,385.455,309275000.0,13120148.892177356,2310024073
2310024073,2020-08-16,00:00:00,385.343,307804000.00000006,13084019.623302607,2310024073
2310024073,2020-08-17,00:00:00,385.23800000000006,306430000.0,13050148.433732532,2310024073
2310024073,2020-08-18,00:00:00,385.124,304951000.0,13013373.999342142,2310024073
2310024073,2020-08-19,00:00:00,384.991,303216000.0,12970460.347600907,2310024073
2310024073,2020-08-20,00:00:00,384.858,301493000.0,12927406.920959348,2310024073
2310024073,2020-08-21,00:00:00,384.729,299837000.0,12885648.334216772,2310024073
2310024073,2020-08-22,00:00:00,384.592,298078000.0,12841300.06767621,2310024073
2310024073,2020-08-23,00:00:00,384.464,296428000.0,12799969.399999399,2310024073
2310024073,2020-08-24,00:00:00,384.332,294748000.0,12757621.783332935,2310024073
2310024073,2020-08-25,00:00:00,384.197,293031000.0,12714311.720833143,2310024073
2310024073,2020-08-26,00:00:00,384.066,291361000.0,12672284.919444447,2310024073
2310024073,2020-08-27,00:00:00,383.92800000000005,289619000.0,12627642.0111112,2310024073
2310024073,2020-08-28,00:00:00,383.792,287900000.0,12583311.48888887,2310024073
2310024073,2020-08-29,00:00:00,383.648,286100000.0,12536373.288888805,2310024073
2310024073,2020-08-30,00:00:00,383.503,284277000.0,12489109.129166486,2310024073
2310024073,2020-08-31,00:00:00,383.36800000000005,282595000.0,12445492.028571345,2310024073
2310024073,2020-09-01,00:00:00,383.233,280924000.00000006,12401883.733928552,2310024073
2310024073,2020-09-02,00:00:00,383.103,279304000.00000006,12359890.561309582,2310024073
2310024073,2020-09-03,00:00:00,382.967,277629000.0,12316378.17743279,2310024073
2310024073,2020-09-04,00:00:00,382.826,275896000.0,12272621.732091047,2310024073
2310024073,2020-09-05,00:00:00,382.682,274130000.0,12227934.29855053,2310024073
2310024073,2020-09-06,00:00:00,382.539,272375000.0,12183557.194409592,2310024073
2310024073,2020-09-07,00:00:00,382.419,270930000.0,12144766.457763648,2310024073
2310024073,2020-09-08,00:00:00,382.326,269797000.0,12114124.806210933,2310024073
2310024073,2020-09-09,00:00:00,382.226,268589000.0,12081176.793788638,2310024073
2310024073,2020-09-10,00:00:00,382.142,267582000.0,12053500.463353915,2310024073
2310024073,2020-09-11,00:00:00,382.039,266341000.0,12019564.010558957,2310024073
2310024073,2020-09-12,00:00:00,381.929,265020000.0,11984654.306418216,2310024073
2310024073,2020-09-13,00:00:00,381.826,263787000.00000003,11952651.801242277,2310024073
2310024073,2020-09-14,00:00:00,381.746,262826000.00000003,11927795.486542497,2310024073
2310024073,2020-09-15,00:00:00,381.648,261663000.0,11897346.501035292,2310024073
2310024073,2020-09-16,00:00:00,381.57,260731000.0,11873111.594203008,2310024073
2310024073,2020-09-17,00:00:00,381.496,259857000.00000003,11850129.706004266,2310024073
2310024073,2020-09-18,00:00:00,381.446,259260000.0,11834722.045548776,2310024073
2310024073,2020-09-19,00:00:00,381.4330000000001,259113000.0,11830716.05383037,2310024073
2310024073,2020-09-20,00:00:00,381.412,258863000.0,11824244.83643902,2310024073
2310024073,2020-09-21,00:00:00,381.414,258807000.00000003,11824861.14285724,2310024073
2310024073,2020-09-22,00:00:00,381.37,258364000.00000003,11811302.401656402,2310024073
2310024073,2020-09-23,00:00:00,381.31,257658000.00000003,11792813.209109798,2310024073
2310024073,2020-09-24,00:00:00,381.246,256900000.0,11773091.403726745,2310024073
2310024073,2020-09-25,00:00:00,381.191,256254000.00000003,11756142.97722569,2310024073
2310024073,2020-09-26,00:00:00,381.122,255443000.0,11734880.405797105,2310024073
2310024073,2020-09-27,00:00:00,381.047,254567000.0,11711768.915113853,2310024073
2310024073,2020-09-28,00:00:00,380.977,253750000.0,11689708.12698408,2310024073
2310024073,2020-09-29,00:00:00,380.914,253070000.0,11668952.126984091,2310024073
2310024073,2020-09-30,00:00:00,380.91,252966000.0,11667634.285714263,2310024073
2310024073,2020-10-01,00:00:00,380.899,252840000.0,11664010.222222194,2310024073
2310024073,2020-10-02,00:00:00,380.903,252884000.0,11665328.063492041,2310024073
2310024073,2020-10-03,00:00:00,380.884,252658000.0,11659068.317460295,2310024073
2310024073,2020-10-04,00:00:00,380.895,252792000.0,11662692.380952347,2310024073
2310024073,2020-10-05,00:00:00,380.912,252988000.0,11668293.206349168,2310024073
2310024073,2020-10-06,00:00:00,380.89,252736000.0,11661045.079365047,2310024073
2310024073,2020-10-07,00:00:00,380.852,252290000.0,11648525.587301558,2310024073
2310024073,2020-10-08,00:00:00,380.826,251992000.0,11639959.619047608,2310024073
2310024073,2020-10-09,00:00:00,380.839,252136000.0,11644242.603174582,2310024073
2310024073,2020-10-10,00:00:00,380.795,251625000.0,11629746.34920634,2310024073
2310024073,2020-10-11,00:00:00,380.74,250986000.0,11611626.031746028,2310024073
2310024073,2020-10-12,00:00:00,380.696,250472000.0,11597129.777777785,2310024073
2310024073,2020-10-13,00:00:00,380.689,250396000.0,11594823.555555563,2310024073
2310024073,2020-10-14,00:00:00,380.689,250397000.0,11594823.555555563,2310024073
2310024073,2020-10-15,00:00:00,380.697,250493000.0,11597459.238095239,2310024073
2310024073,2020-10-16,00:00:00,380.689,250396000.0,11594823.555555563,2310024073
2310024073,2020-10-17,00:00:00,380.632,249737000.0,11576044.317460326,2310024073
2310024073,2020-10-18,00:00:00,380.589,249239000.0,11561877.523809537,2310024073
2310024073,2020-10-19,00:00:00,380.597,249330000.0,11564513.206349213,2310024073
2310024073,2020-10-20,00:00:00,380.604,249415000.0,11566819.428571437,2310024073
2310024073,2020-10-21,00:00:00,380.605,249420000.0,11567148.888888907,2310024073
2310024073,2020-10-22,00:00:00,380.62,249590000.0,11572090.793650806,2310024073
2310024073,2020-10-23,00:00:00,380.68,250295000.0,11591858.412698416,2310024073
2310024073,2020-10-24,00:00:00,380.86800000000005,252477000.0,11653796.952380946,2310024073
2310024073,2020-10-25,00:00:00,380.894,252773000.0,11662362.920634894,2310024073
2310024073,2020-10-26,00:00:00,380.912,252985000.0,11668293.206349168,2310024073
2310024073,2020-10-27,00:00:00,380.909,252951000.0,11667304.825396793,2310024073
2310024073,2020-10-28,00:00:00,380.9330000000001,253230000.0,11675211.873015875,2310024073
2310024073,2020-10-29,00:00:00,380.959,253541000.0,11683777.841269806,2310024073
2310024073,2020-10-30,00:00:00,380.985,253842000.0,11692343.809523774,2310024073
2310024073,2020-10-31,00:00:00,381.005,254077000.0,11698826.480331222,2310024073
2310024073,2020-11-01,00:00:00,381.024,254300000.0,11704681.391304314,2310024073
2310024073,2020-11-02,00:00:00,381.041,254501000.0,11709919.995859183,2310024073
2310024073,2020-11-03,00:00:00,381.057,254683000.0,11714850.447204951,2310024073
2310024073,2020-11-04,00:00:00,381.07,254836000.0,11718856.438923376,2310024073
2310024073,2020-11-05,00:00:00,381.097,255149000.0,11727176.575569343,2310024073
2310024073,2020-11-06,00:00:00,381.132,255563000.0,11737961.937888203,2310024073
2310024073,2020-11-07,00:00:00,381.133,255574000.0,11738270.091097306,2310024073
2310024073,2020-11-08,00:00:00,381.16,255888000.0,11746590.227743292,2310024073
2310024073,2020-11-09,00:00:00,381.202,256381000.0,11759532.662525907,2310024073
2310024073,2020-11-10,00:00:00,381.23,256718000.00000003,11768160.952380996,2310024073
2310024073,2020-11-11,00:00:00,381.26,257066000.0,11777405.54865429,2310024073
2310024073,2020-11-12,00:00:00,381.281,257313000.0,11783876.766045606,2310024073
2310024073,2020-11-13,00:00:00,381.305,257594000.0,11791272.443064248,2310024073
2310024073,2020-11-14,00:00:00,381.325,257831000.00000003,11797435.507246444,2310024073
2310024073,2020-11-15,00:00:00,381.351,258134000.0,11805447.49068331,2310024073
2310024073,2020-11-16,00:00:00,381.377,258450000.0,11813459.474120175,2310024073
2310024073,2020-11-17,00:00:00,381.399,258709000.0,11820238.844720595,2310024073
2310024073,2020-11-18,00:00:00,381.431,259081000.00000003,11830099.747412112,2310024073
2310024073,2020-11-19,00:00:00,381.467,259511000.00000003,11841193.262940075,2310024073
2310024073,2020-11-20,00:00:00,381.5,259906000.0,11851362.318840712,2310024073
2310024073,2020-11-21,00:00:00,381.531,260268000.0,11860994.140786875,2310024073
2310024073,2020-11-22,00:00:00,381.559,260596000.0,11869693.8509318,2310024073
2310024073,2020-11-23,00:00:00,381.588,260948000.0,11878704.265010465,2310024073
2310024073,2020-11-24,00:00:00,381.621,261344000.0,11888957.494824108,2310024073
2310024073,2020-11-25,00:00:00,381.647,261651000.0,11897035.797101535,2310024073
2310024073,2020-11-26,00:00:00,381.687,262128000.0,11909463.954451427,2310024073
2310024073,2020-11-27,00:00:00,381.769,263106000.0,11934941.677018687,2310024073
2310024073,2020-11-28,00:00:00,381.969,265493000.0,11997082.463768106,2310024073
2310024073,2020-11-29,00:00:00,382.062,266616000.0,12027142.05341609,2310024073
2310024073,2020-11-30,00:00:00,382.117,267271000.00000003,12045263.460248351,2310024073
2310024073,2020-12-01,00:00:00,382.164,267846000.0,12060749.026086817,2310024073
2310024073,2020-12-02,00:00:00,382.212,268421000.0,12076564.072049515,2310024073
2310024073,2020-12-03,00:00:00,382.262,269021000.0,12093038.078260662,2310024073
2310024073,2020-12-04,00:00:00,382.299,269471000.0,12105228.8428569,2310024073
2310024073,2020-12-05,00:00:00,382.355,270153000.0,12123679.729813395,2310024073
2310024073,2020-12-06,00:00:00,382.412,270848000.0,12142460.096894085,2310024073
2310024073,2020-12-07,00:00:00,382.464,271474000.0,12159593.063353682,2310024073
2310024073,2020-12-08,00:00:00,382.528,272251000.0,12180143.571014145,2310024073
2310024073,2020-12-09,00:00:00,382.574,272815000.0,12194418.72339514,2310024073
2310024073,2020-12-10,00:00:00,382.632,273519000.0,12212417.82857118,2310024073
2310024073,2020-12-11,00:00:00,382.719,274581000.0,12239416.486335238,2310024073
2310024073,2020-12-12,00:00:00,382.818,275797000.0,12270139.09689434,2310024073
2310024073,2020-12-13,00:00:00,382.949,277415000.0,12310792.248240234,2310024073
2310024073,2020-12-14,00:00:00,383.047,278615000.0,12341801.194642954,2310024073
2310024073,2020-12-15,00:00:00,383.108,279369000.0,12361505.683333388,2310024073
2310024073,2020-12-16,00:00:00,383.157,279983000.0,12377333.879166685,2310024073
2310024073,2020-12-17,00:00:00,383.211,280644000.0,12394777.197023805,2310024073
2310024073,2020-12-18,00:00:00,383.257,281224000.0,12409636.319642823,2310024073
2310024073,2020-12-19,00:00:00,383.316,281947000.0,12428694.75952373,2310024073
2310024073,2020-12-20,00:00:00,383.349,282362000.0,12439354.56488086,2310024073
2310024073,2020-12-21,00:00:00,383.398,282971000.0,12455182.760714175,2310024073
2310024073,2020-12-22,00:00:00,383.4380000000001,283467000.0,12468103.736904653,2310024073
2310024073,2020-12-23,00:00:00,383.485,284051000.0,12483285.883928405,2310024073
2310024073,2020-12-24,00:00:00,383.528,284587000.0,12497258.122222066,2310024073
2310024073,2020-12-25,00:00:00,383.573,285153000.0,12511926.309722079,2310024073
2310024073,2020-12-26,00:00:00,383.609,285601000.0,12523660.8597221,2310024073
2310024073,2020-12-27,00:00:00,383.645,286056000.0,12535395.409722121,2310024073
2310024073,2020-12-28,00:00:00,383.68,286498000.0,12546803.99999993,2310024073
2310024073,2020-12-29,00:00:00,383.726,287073000.0,12561798.147222174,2310024073
2310024073,2020-12-30,00:00:00,383.767,287595000.0,12575162.49583331,2310024073
2310024073,2020-12-31,00:00:00,383.817,288219000.0,12591460.481944453,2310024073
